1	Dây Lung Trong Dŕnh Cho Áo Cup Ng?c	1	/uploads/products/product_1/image_01.jpg	1	1
1	Dây Lung Trong Dŕnh Cho Áo Cup Ng?c	2	/uploads/products/product_1/image_02.jpg	0	2
1	Dây Lung Trong Dŕnh Cho Áo Cup Ng?c	3	/uploads/products/product_1/image_03.jpg	0	3
2	H?p Mi?ng Dán Ng?c Nhi?t T? Thân Silicon Tŕng Hěnh	10	/uploads/products/product_2/image_02.jpg	1	1
2	H?p Mi?ng Dán Ng?c Nhi?t T? Thân Silicon Tŕng Hěnh	11	/uploads/products/product_2/image_03.jpg	0	2
2	H?p Mi?ng Dán Ng?c Nhi?t T? Thân Silicon Tŕng Hěnh	9	/uploads/products/product_2/image_01.jpg	0	3
3	Áo Lót Úc Sięu Nâng Ng?c K32	16	/uploads/products/product_3/image_01.jpg	1	1
3	Áo Lót Úc Sięu Nâng Ng?c K32	17	/uploads/products/product_3/image_02.jpg	0	2
3	Áo Lót Úc Sięu Nâng Ng?c K32	18	/uploads/products/product_3/image_03.jpg	0	3
4	Áo Dán Nâng Ng?c Có Mút Dŕy 6cm, Áo Cŕi Tru?c T?o Khe Sięu Nâng P41	23	/uploads/products/product_4/image_01.jpg	1	1
4	Áo Dán Nâng Ng?c Có Mút Dŕy 6cm, Áo Cŕi Tru?c T?o Khe Sięu Nâng P41	24	/uploads/products/product_4/image_02.jpg	0	2
4	Áo Dán Nâng Ng?c Có Mút Dŕy 6cm, Áo Cŕi Tru?c T?o Khe Sięu Nâng P41	25	/uploads/products/product_4/image_03.jpg	0	3
5	H?p Dán Nhu Hoa Silicon Sięu M?ng 1401	33	/uploads/products/product_5/image_01.jpg	1	1
5	H?p Dán Nhu Hoa Silicon Sięu M?ng 1401	34	/uploads/products/product_5/image_02.jpg	0	2
5	H?p Dán Nhu Hoa Silicon Sięu M?ng 1401	35	/uploads/products/product_5/image_03.jpg	0	3
6	Qu?n Lót Su Không Đu?ng May C?p Chéo G?i C?m MS407 Form To	40	/uploads/products/product_6/image_01.jpg	1	1
6	Qu?n Lót Su Không Đu?ng May C?p Chéo G?i C?m MS407 Form To	41	/uploads/products/product_6/image_02.jpg	0	2
6	Qu?n Lót Su Không Đu?ng May C?p Chéo G?i C?m MS407 Form To	42	/uploads/products/product_6/image_03.jpg	0	3
7	Áo Lót Ren M?m Có G?ng Không Mút MS2004	54	/uploads/products/product_7/image_01.jpg	1	1
7	Áo Lót Ren M?m Có G?ng Không Mút MS2004	55	/uploads/products/product_7/image_02.jpg	0	2
7	Áo Lót Ren M?m Có G?ng Không Mút MS2004	56	/uploads/products/product_7/image_03.jpg	0	3
8	Áo Nâng Ng?c Multiway M?c 7 Ki?u KM Dây T?o 7 Ki?u	63	/uploads/products/product_8/image_01.jpg	1	1
8	Áo Nâng Ng?c Multiway M?c 7 Ki?u KM Dây T?o 7 Ki?u	64	/uploads/products/product_8/image_02.jpg	0	2
8	Áo Nâng Ng?c Multiway M?c 7 Ki?u KM Dây T?o 7 Ki?u	65	/uploads/products/product_8/image_03.jpg	0	3
9	Set T?t N? Tron Mŕu C? Bčo Sięu Đ?p	68	/uploads/products/product_9/image_01.jpg	1	1
9	Set T?t N? Tron Mŕu C? Bčo Sięu Đ?p	69	/uploads/products/product_9/image_02.jpg	0	2
9	Set T?t N? Tron Mŕu C? Bčo Sięu Đ?p	70	/uploads/products/product_9/image_03.jpg	0	3
11	Áo Lót N? Úc Su Mút Dŕy 4, 5cm Sięu Nâng Ng?c T?o Khe Ch?ng X? Không L? Vi?n Q8002	76	/uploads/products/product_11/image_01.jpg	1	1
11	Áo Lót N? Úc Su Mút Dŕy 4, 5cm Sięu Nâng Ng?c T?o Khe Ch?ng X? Không L? Vi?n Q8002	77	/uploads/products/product_11/image_02.jpg	0	2
11	Áo Lót N? Úc Su Mút Dŕy 4, 5cm Sięu Nâng Ng?c T?o Khe Ch?ng X? Không L? Vi?n Q8002	78	/uploads/products/product_11/image_03.jpg	0	3
12	Qu?n T?t Lu?i SK 3D L?a Th? Giác	89	/uploads/products/product_12/image_01.jpg	1	1
12	Qu?n T?t Lu?i SK 3D L?a Th? Giác	90	/uploads/products/product_12/image_02.jpg	0	2
12	Qu?n T?t Lu?i SK 3D L?a Th? Giác	91	/uploads/products/product_12/image_03.jpg	0	3
13	Áo Bra T?p Gym Yoga Aerobic Kčm Mút M85	94	/uploads/products/product_13/image_01.jpg	1	1
13	Áo Bra T?p Gym Yoga Aerobic Kčm Mút M85	95	/uploads/products/product_13/image_02.jpg	0	2
13	Áo Bra T?p Gym Yoga Aerobic Kčm Mút M85	96	/uploads/products/product_13/image_03.jpg	0	3
14	Combo 10 Đdôi T?t Gân S?c Vintage HQ	100	/uploads/products/product_14/image_01.jpg	1	1
14	Combo 10 Đdôi T?t Gân S?c Vintage HQ	101	/uploads/products/product_14/image_02.jpg	0	2
15	Combo 10 Đdôi T?t G?u C? Cao ?m Áp Phong Cách Hŕn Qu?c	102	/uploads/products/product_15/image_01.jpg	1	1
15	Combo 10 Đdôi T?t G?u C? Cao ?m Áp Phong Cách Hŕn Qu?c	103	/uploads/products/product_15/image_02.jpg	0	2
15	Combo 10 Đdôi T?t G?u C? Cao ?m Áp Phong Cách Hŕn Qu?c	104	/uploads/products/product_15/image_03.jpg	0	3
16	Combo 10 Đôi T?t V? Lót Lông N? Sinh Nhi?t C? Cao Dŕy D?n Gi? ?m Můa Đông Phong Cách Hŕn Qu?c Pastel	107	/uploads/products/product_16/image_01.jpg	1	1
16	Combo 10 Đôi T?t V? Lót Lông N? Sinh Nhi?t C? Cao Dŕy D?n Gi? ?m Můa Đông Phong Cách Hŕn Qu?c Pastel	108	/uploads/products/product_16/image_02.jpg	0	2
16	Combo 10 Đôi T?t V? Lót Lông N? Sinh Nhi?t C? Cao Dŕy D?n Gi? ?m Můa Đông Phong Cách Hŕn Qu?c Pastel	109	/uploads/products/product_16/image_03.jpg	0	3
17	Set 5 Đôi T?t C? Cao Lông C?u Tr?ng H?a Ti?t ?m Áp	114	/uploads/products/product_17/image_01.jpg	1	1
17	Set 5 Đôi T?t C? Cao Lông C?u Tr?ng H?a Ti?t ?m Áp	115	/uploads/products/product_17/image_02.jpg	0	2
17	Set 5 Đôi T?t C? Cao Lông C?u Tr?ng H?a Ti?t ?m Áp	116	/uploads/products/product_17/image_03.jpg	0	3
18	Qu?n T?t Legging Lót Lông N?a Bŕn Chân VT Sięu ?m Cho B?n Gái (<60KG)	120	/uploads/products/product_18/image_01.jpg	1	1
18	Qu?n T?t Legging Lót Lông N?a Bŕn Chân VT Sięu ?m Cho B?n Gái (<60KG)	121	/uploads/products/product_18/image_02.jpg	0	2
18	Qu?n T?t Legging Lót Lông N?a Bŕn Chân VT Sięu ?m Cho B?n Gái (<60KG)	122	/uploads/products/product_18/image_03.jpg	0	3
19	Áo Lót Bra Tam Dáng Dŕi Mút Li?n 1880	124	/uploads/products/product_19/image_01.jpg	1	1
19	Áo Lót Bra Tam Dáng Dŕi Mút Li?n 1880	125	/uploads/products/product_19/image_02.jpg	0	2
19	Áo Lót Bra Tam Dáng Dŕi Mút Li?n 1880	126	/uploads/products/product_19/image_03.jpg	0	3
20	Qu?n T?t Lu?i 3D Sięu Dai Sięu Th?t Chân	132	/uploads/products/product_20/image_01.jpg	1	1
20	Qu?n T?t Lu?i 3D Sięu Dai Sięu Th?t Chân	133	/uploads/products/product_20/image_02.jpg	0	2
20	Qu?n T?t Lu?i 3D Sięu Dai Sięu Th?t Chân	134	/uploads/products/product_20/image_03.jpg	0	3
21	Qu?n T?t 3D 6S Sięu Hot Hŕng Chu?n 3 Tem	138	/uploads/products/product_21/image_01.jpg	1	1
21	Qu?n T?t 3D 6S Sięu Hot Hŕng Chu?n 3 Tem	139	/uploads/products/product_21/image_02.jpg	0	2
21	Qu?n T?t 3D 6S Sięu Hot Hŕng Chu?n 3 Tem	140	/uploads/products/product_21/image_03.jpg	0	3
22	Áo Bra Su Tam Dáng Dŕi S?n Mút Mát L?nh Můa Hč	146	/uploads/products/product_22/image_01.jpg	1	1
22	Áo Bra Su Tam Dáng Dŕi S?n Mút Mát L?nh Můa Hč	147	/uploads/products/product_22/image_02.jpg	0	2
22	Áo Bra Su Tam Dáng Dŕi S?n Mút Mát L?nh Můa Hč	148	/uploads/products/product_22/image_03.jpg	0	3
23	Qu?n Lót Ren Xuyęn Th?u Ph?i Ren Đính No Sau 5006	159	/uploads/products/product_23/image_01.jpg	1	1
23	Qu?n Lót Ren Xuyęn Th?u Ph?i Ren Đính No Sau 5006	160	/uploads/products/product_23/image_02.jpg	0	2
23	Qu?n Lót Ren Xuyęn Th?u Ph?i Ren Đính No Sau 5006	161	/uploads/products/product_23/image_03.jpg	0	3
24	Áo Bra Gân Tam H? Lung Khoét U Xu?t Nh?t Sięu Hot	168	/uploads/products/product_24/image_01.jpg	1	1
24	Áo Bra Gân Tam H? Lung Khoét U Xu?t Nh?t Sięu Hot	169	/uploads/products/product_24/image_02.jpg	0	2
24	Áo Bra Gân Tam H? Lung Khoét U Xu?t Nh?t Sięu Hot	170	/uploads/products/product_24/image_03.jpg	0	3
25	Qu?n T?t Tŕng Hěnh Sięu Th?t Chân	175	/uploads/products/product_25/image_01.jpg	1	1
25	Qu?n T?t Tŕng Hěnh Sięu Th?t Chân	176	/uploads/products/product_25/image_02.jpg	0	2
25	Qu?n T?t Tŕng Hěnh Sięu Th?t Chân	177	/uploads/products/product_25/image_03.jpg	0	3
26	Qu?n T?t Sięu Trong Sięu Dai Black Silk Hŕng Chu?n Đ?p	181	/uploads/products/product_26/image_01.jpg	1	1
26	Qu?n T?t Sięu Trong Sięu Dai Black Silk Hŕng Chu?n Đ?p	182	/uploads/products/product_26/image_02.jpg	0	2
26	Qu?n T?t Sięu Trong Sięu Dai Black Silk Hŕng Chu?n Đ?p	183	/uploads/products/product_26/image_03.jpg	0	3
27	Áo Lót Quây Gân Tam Sięu Đ?p	188	/uploads/products/product_27/image_01.jpg	1	1
27	Áo Lót Quây Gân Tam Sięu Đ?p	189	/uploads/products/product_27/image_02.jpg	0	2
27	Áo Lót Quây Gân Tam Sięu Đ?p	190	/uploads/products/product_27/image_03.jpg	0	3
28	Qu?n Gen B?ng Nâng Mông Si?t Eo Thon K10	196	/uploads/products/product_28/image_01.jpg	1	1
28	Qu?n Gen B?ng Nâng Mông Si?t Eo Thon K10	197	/uploads/products/product_28/image_02.jpg	0	2
28	Qu?n Gen B?ng Nâng Mông Si?t Eo Thon K10	198	/uploads/products/product_28/image_03.jpg	0	3
29	Qu?n Lót Úc Thông Hoi Form To 55 - 65Kg 1524	204	/uploads/products/product_29/image_01.jpg	1	1
30	Qu?n Lót Su Tam M?m?m Mát Dây Ch? Sport 9026	205	/uploads/products/product_30/image_01.jpg	1	1
30	Qu?n Lót Su Tam M?m?m Mát Dây Ch? Sport 9026	206	/uploads/products/product_30/image_02.jpg	0	2
30	Qu?n Lót Su Tam M?m?m Mát Dây Ch? Sport 9026	207	/uploads/products/product_30/image_03.jpg	0	3
31	Áo Lót Úc Su Non Thông Hoi Mút M?ng Đ?nh Hěnh Ch?ng X? 2027	220	/uploads/products/product_31/image_01.jpg	1	1
31	Áo Lót Úc Su Non Thông Hoi Mút M?ng Đ?nh Hěnh Ch?ng X? 2027	221	/uploads/products/product_31/image_02.jpg	0	2
31	Áo Lót Úc Su Non Thông Hoi Mút M?ng Đ?nh Hěnh Ch?ng X? 2027	222	/uploads/products/product_31/image_03.jpg	0	3
32	Áo Bra Ren Cao C?p Hoa H?ng 3D Sięu Xinh MS3654	228	/uploads/products/product_32/image_01.jpg	1	1
32	Áo Bra Ren Cao C?p Hoa H?ng 3D Sięu Xinh MS3654	229	/uploads/products/product_32/image_02.jpg	0	2
32	Áo Bra Ren Cao C?p Hoa H?ng 3D Sięu Xinh MS3654	230	/uploads/products/product_32/image_03.jpg	0	3
33	Đai N?t B?ng Tan M? Lo?i Đ?p MS331	233	/uploads/products/product_33/image_01.jpg	1	1
33	Đai N?t B?ng Tan M? Lo?i Đ?p MS331	234	/uploads/products/product_33/image_02.jpg	0	2
33	Đai N?t B?ng Tan M? Lo?i Đ?p MS331	235	/uploads/products/product_33/image_03.jpg	0	3
34	Đôi T?t Mčo Hŕi Ng?n C? Cao	297	/uploads/products/product_34/image_01.jpg	1	1
34	Đôi T?t Mčo Hŕi Ng?n C? Cao	298	/uploads/products/product_34/image_02.jpg	0	2
34	Đôi T?t Mčo Hŕi Ng?n C? Cao	299	/uploads/products/product_34/image_03.jpg	0	3
35	Qu?n Lót Ren L?t Khe Dây Th?i Trang MS2303	300	/uploads/products/product_35/image_01.jpg	1	1
35	Qu?n Lót Ren L?t Khe Dây Th?i Trang MS2303	301	/uploads/products/product_35/image_02.jpg	0	2
35	Qu?n Lót Ren L?t Khe Dây Th?i Trang MS2303	302	/uploads/products/product_35/image_03.jpg	0	3
36	Qu?n Lót Ren Xuyęn Th?u G?i C?m MS028	310	/uploads/products/product_36/image_01.jpg	1	1
36	Qu?n Lót Ren Xuyęn Th?u G?i C?m MS028	311	/uploads/products/product_36/image_02.jpg	0	2
36	Qu?n Lót Ren Xuyęn Th?u G?i C?m MS028	312	/uploads/products/product_36/image_03.jpg	0	3
37	Qu?n Lót Pulo Xu?t M?	318	/uploads/products/product_37/image_01.jpg	1	1
37	Qu?n Lót Pulo Xu?t M?	319	/uploads/products/product_37/image_02.jpg	0	2
37	Qu?n Lót Pulo Xu?t M?	320	/uploads/products/product_37/image_03.jpg	0	3
38	T?t G?u Dâu H?ng Losto C? Ng?n Đáng Yęu Cho B?n Gái	324	/uploads/products/product_38/image_01.jpg	1	1
38	T?t G?u Dâu H?ng Losto C? Ng?n Đáng Yęu Cho B?n Gái	325	/uploads/products/product_38/image_02.jpg	0	2
38	T?t G?u Dâu H?ng Losto C? Ng?n Đáng Yęu Cho B?n Gái	326	/uploads/products/product_38/image_03.jpg	0	3
39	Qu?n Gen B?ng Úc Su Nguyęn Kh?i Sięu Co Giăn Đ?nh Hěnh Vňng Eo Ch?ng Cu?n	332	/uploads/products/product_39/image_01.jpg	1	1
39	Qu?n Gen B?ng Úc Su Nguyęn Kh?i Sięu Co Giăn Đ?nh Hěnh Vňng Eo Ch?ng Cu?n	333	/uploads/products/product_39/image_02.jpg	0	2
39	Qu?n Gen B?ng Úc Su Nguyęn Kh?i Sięu Co Giăn Đ?nh Hěnh Vňng Eo Ch?ng Cu?n	334	/uploads/products/product_39/image_03.jpg	0	3
40	Áo Lót Ren Push Up Dây B?n To Nâng Ng?c 2 Móc Cŕi M?u M?i	340	/uploads/products/product_40/image_01.jpg	1	1
40	Áo Lót Ren Push Up Dây B?n To Nâng Ng?c 2 Móc Cŕi M?u M?i	341	/uploads/products/product_40/image_02.jpg	0	2
40	Áo Lót Ren Push Up Dây B?n To Nâng Ng?c 2 Móc Cŕi M?u M?i	342	/uploads/products/product_40/image_03.jpg	0	3
41	Mi?ng Lót Gen Su Ch?ng H?n Ng?a	350	/uploads/products/product_41/image_01.jpg	1	1
41	Mi?ng Lót Gen Su Ch?ng H?n Ng?a	351	/uploads/products/product_41/image_02.jpg	0	2
42	Áo Lót Bra Khoét Lung Sâu Ch?t Su Mát L?nh	352	/uploads/products/product_42/image_01.jpg	1	1
42	Áo Lót Bra Khoét Lung Sâu Ch?t Su Mát L?nh	353	/uploads/products/product_42/image_02.jpg	0	2
42	Áo Lót Bra Khoét Lung Sâu Ch?t Su Mát L?nh	354	/uploads/products/product_42/image_03.jpg	0	3
43	Áo Bra Croptop Dáng L?ng Kčm S?n Mút Bull 88	359	/uploads/products/product_43/image_01.jpg	1	1
43	Áo Bra Croptop Dáng L?ng Kčm S?n Mút Bull 88	360	/uploads/products/product_43/image_02.jpg	0	2
43	Áo Bra Croptop Dáng L?ng Kčm S?n Mút Bull 88	361	/uploads/products/product_43/image_03.jpg	0	3
44	Áo Bra Dây Đan Chéo Tr? Trung S?n Mút MS4836	371	/uploads/products/product_44/image_01.jpg	1	1
44	Áo Bra Dây Đan Chéo Tr? Trung S?n Mút MS4836	372	/uploads/products/product_44/image_02.jpg	0	2
44	Áo Bra Dây Đan Chéo Tr? Trung S?n Mút MS4836	373	/uploads/products/product_44/image_03.jpg	0	3
45	Qu?n Lót Su Ren M?m M?i Sięu Đ?p M77	385	/uploads/products/product_45/image_01.jpg	1	1
45	Qu?n Lót Su Ren M?m M?i Sięu Đ?p M77	386	/uploads/products/product_45/image_02.jpg	0	2
45	Qu?n Lót Su Ren M?m M?i Sięu Đ?p M77	387	/uploads/products/product_45/image_03.jpg	0	3
46	Áo Lót Úc Su Không G?ng Mút 3CM M?u M?i Ôm Form M?m M?i MS3498	389	/uploads/products/product_46/image_01.jpg	1	1
46	Áo Lót Úc Su Không G?ng Mút 3CM M?u M?i Ôm Form M?m M?i MS3498	390	/uploads/products/product_46/image_02.jpg	0	2
46	Áo Lót Úc Su Không G?ng Mút 3CM M?u M?i Ôm Form M?m M?i MS3498	391	/uploads/products/product_46/image_03.jpg	0	3
47	Lo?i Dŕy Đ?p - T?t Lót Lông Gi? Nhi?t C?c ?m	401	/uploads/products/product_47/image_01.jpg	1	1
47	Lo?i Dŕy Đ?p - T?t Lót Lông Gi? Nhi?t C?c ?m	402	/uploads/products/product_47/image_02.jpg	0	2
47	Lo?i Dŕy Đ?p - T?t Lót Lông Gi? Nhi?t C?c ?m	403	/uploads/products/product_47/image_03.jpg	0	3
48	Qu?n Lót N? Kháng Khu?n Sięu Tŕng Hěnh 999	410	/uploads/products/product_48/image_01.jpg	1	1
48	Qu?n Lót N? Kháng Khu?n Sięu Tŕng Hěnh 999	411	/uploads/products/product_48/image_02.jpg	0	2
48	Qu?n Lót N? Kháng Khu?n Sięu Tŕng Hěnh 999	412	/uploads/products/product_48/image_03.jpg	0	3
49	Qu?n Satin Ph?i Ren M?c Nhi?u Ki?u	416	/uploads/products/product_49/image_01.jpg	1	1
49	Qu?n Satin Ph?i Ren M?c Nhi?u Ki?u	417	/uploads/products/product_49/image_02.jpg	0	2
49	Qu?n Satin Ph?i Ren M?c Nhi?u Ki?u	418	/uploads/products/product_49/image_03.jpg	0	3
50	Qu?n Lót Thông Hoi Kháng Khu?n Cao C?p	421	/uploads/products/product_50/image_01.jpg	1	1
50	Qu?n Lót Thông Hoi Kháng Khu?n Cao C?p	422	/uploads/products/product_50/image_02.jpg	0	2
50	Qu?n Lót Thông Hoi Kháng Khu?n Cao C?p	423	/uploads/products/product_50/image_03.jpg	0	3
51	Qu?n Váy Nâng Mông 8287 Hŕng Ch?t Đ?p	424	/uploads/products/product_51/image_01.jpg	1	1
51	Qu?n Váy Nâng Mông 8287 Hŕng Ch?t Đ?p	425	/uploads/products/product_51/image_02.jpg	0	2
51	Qu?n Váy Nâng Mông 8287 Hŕng Ch?t Đ?p	426	/uploads/products/product_51/image_03.jpg	0	3
52	Freeship 50K - T?t C? S?c K? Ngang Đen Tr?ng C? Th?p Unisex Hŕn Qu?c	428	/uploads/products/product_52/image_01.jpg	1	1
52	Freeship 50K - T?t C? S?c K? Ngang Đen Tr?ng C? Th?p Unisex Hŕn Qu?c	429	/uploads/products/product_52/image_02.jpg	0	2
52	Freeship 50K - T?t C? S?c K? Ngang Đen Tr?ng C? Th?p Unisex Hŕn Qu?c	430	/uploads/products/product_52/image_03.jpg	0	3
53	Áo Lót Úc Su Không G?ng B?n To Nâng Ng?c, Dây Th?i Trang M?u M?i 822	434	/uploads/products/product_53/image_01.jpg	1	1
53	Áo Lót Úc Su Không G?ng B?n To Nâng Ng?c, Dây Th?i Trang M?u M?i 822	435	/uploads/products/product_53/image_02.jpg	0	2
53	Áo Lót Úc Su Không G?ng B?n To Nâng Ng?c, Dây Th?i Trang M?u M?i 822	436	/uploads/products/product_53/image_03.jpg	0	3
54	T?t N? Len Gân Tr?ng H?a Ti?t Đáng Yęu	441	/uploads/products/product_54/image_01.jpg	1	1
54	T?t N? Len Gân Tr?ng H?a Ti?t Đáng Yęu	442	/uploads/products/product_54/image_02.jpg	0	2
54	T?t N? Len Gân Tr?ng H?a Ti?t Đáng Yęu	443	/uploads/products/product_54/image_03.jpg	0	3
55	Áo Lót Cúp Su Ph?i Ren Cánh Chun Hot Hit	449	/uploads/products/product_55/image_01.jpg	1	1
55	Áo Lót Cúp Su Ph?i Ren Cánh Chun Hot Hit	450	/uploads/products/product_55/image_02.jpg	0	2
55	Áo Lót Cúp Su Ph?i Ren Cánh Chun Hot Hit	451	/uploads/products/product_55/image_03.jpg	0	3
56	Áo Bra Croptop Sięu Đ?p MS123 Có Mút Ng?c S?n	453	/uploads/products/product_56/image_01.jpg	1	1
56	Áo Bra Croptop Sięu Đ?p MS123 Có Mút Ng?c S?n	454	/uploads/products/product_56/image_02.jpg	0	2
56	Áo Bra Croptop Sięu Đ?p MS123 Có Mút Ng?c S?n	455	/uploads/products/product_56/image_03.jpg	0	3
57	Áo Bra Tam S?n Mút Cúc Xinh X?n MS9082	460	/uploads/products/product_57/image_01.jpg	1	1
57	Áo Bra Tam S?n Mút Cúc Xinh X?n MS9082	461	/uploads/products/product_57/image_02.jpg	0	2
57	Áo Bra Tam S?n Mút Cúc Xinh X?n MS9082	462	/uploads/products/product_57/image_03.jpg	0	3
58	Áo Bra Úc Su Tam Vi?n Sóng Kčm Mút Sięu Mát Hot Trend A122	468	/uploads/products/product_58/image_01.jpg	1	1
58	Áo Bra Úc Su Tam Vi?n Sóng Kčm Mút Sięu Mát Hot Trend A122	469	/uploads/products/product_58/image_02.jpg	0	2
58	Áo Bra Úc Su Tam Vi?n Sóng Kčm Mút Sięu Mát Hot Trend A122	470	/uploads/products/product_58/image_03.jpg	0	3
59	Qu?n Lót Thông Hoi Đ? Size	476	/uploads/products/product_59/image_01.jpg	1	1
59	Qu?n Lót Thông Hoi Đ? Size	477	/uploads/products/product_59/image_02.jpg	0	2
60	Áo Lót Bra Ch?t Su Thông Hoi 3281	478	/uploads/products/product_60/image_01.jpg	1	1
60	Áo Lót Bra Ch?t Su Thông Hoi 3281	479	/uploads/products/product_60/image_02.jpg	0	2
60	Áo Lót Bra Ch?t Su Thông Hoi 3281	480	/uploads/products/product_60/image_03.jpg	0	3
61	Áo Croptop Ch?t V?i Su Cao C?p S?n Mút Ôm Body 802	483	/uploads/products/product_61/image_01.jpg	1	1
61	Áo Croptop Ch?t V?i Su Cao C?p S?n Mút Ôm Body 802	484	/uploads/products/product_61/image_02.jpg	0	2
61	Áo Croptop Ch?t V?i Su Cao C?p S?n Mút Ôm Body 802	485	/uploads/products/product_61/image_03.jpg	0	3
62	Qu?n Lót Ren Hoa Hŕng Mi V?	492	/uploads/products/product_62/image_01.jpg	1	1
62	Qu?n Lót Ren Hoa Hŕng Mi V?	493	/uploads/products/product_62/image_02.jpg	0	2
62	Qu?n Lót Ren Hoa Hŕng Mi V?	494	/uploads/products/product_62/image_03.jpg	0	3
63	Qu?n T?t Sięu Dai M?u M?i 2019	497	/uploads/products/product_63/image_01.jpg	1	1
63	Qu?n T?t Sięu Dai M?u M?i 2019	498	/uploads/products/product_63/image_02.jpg	0	2
63	Qu?n T?t Sięu Dai M?u M?i 2019	499	/uploads/products/product_63/image_03.jpg	0	3
64	Qu?n Dŕi T?p Gym C?p Cao Gen B?ng Nâng Mông Qu?n Mu?i Tięu Ch?t Đ?p	501	/uploads/products/product_64/image_01.jpg	1	1
64	Qu?n Dŕi T?p Gym C?p Cao Gen B?ng Nâng Mông Qu?n Mu?i Tięu Ch?t Đ?p	502	/uploads/products/product_64/image_02.jpg	0	2
64	Qu?n Dŕi T?p Gym C?p Cao Gen B?ng Nâng Mông Qu?n Mu?i Tięu Ch?t Đ?p	503	/uploads/products/product_64/image_03.jpg	0	3
65	Qu?n Lót Gen N?t B?ng Đ?nh Hěnh Móc Cŕi	516	/uploads/products/product_65/image_01.jpg	1	1
65	Qu?n Lót Gen N?t B?ng Đ?nh Hěnh Móc Cŕi	517	/uploads/products/product_65/image_02.jpg	0	2
65	Qu?n Lót Gen N?t B?ng Đ?nh Hěnh Móc Cŕi	518	/uploads/products/product_65/image_03.jpg	0	3
66	Set 5 - 10 Đôi T?t Da Chân X? Ngón Sięu Dai	520	/uploads/products/product_66/image_01.jpg	1	1
66	Set 5 - 10 Đôi T?t Da Chân X? Ngón Sięu Dai	521	/uploads/products/product_66/image_02.jpg	0	2
67	Qu?n T?t N? Sięu Dai Sięu Trong In Ch? Cá Tính Cho B?n Gái	522	/uploads/products/product_67/image_01.jpg	1	1
67	Qu?n T?t N? Sięu Dai Sięu Trong In Ch? Cá Tính Cho B?n Gái	523	/uploads/products/product_67/image_02.jpg	0	2
67	Qu?n T?t N? Sięu Dai Sięu Trong In Ch? Cá Tính Cho B?n Gái	524	/uploads/products/product_67/image_03.jpg	0	3
68	Áo Lót Úc Su Không G?ng Ch?ng T?t Nâng Ng?c MS1124 Form To	533	/uploads/products/product_68/image_01.jpg	1	1
68	Áo Lót Úc Su Không G?ng Ch?ng T?t Nâng Ng?c MS1124 Form To	534	/uploads/products/product_68/image_02.jpg	0	2
68	Áo Lót Úc Su Không G?ng Ch?ng T?t Nâng Ng?c MS1124 Form To	535	/uploads/products/product_68/image_03.jpg	0	3
69	Qu?n Lót Gen Su L?nh Kháng Khu?n	541	/uploads/products/product_69/image_01.jpg	1	1
69	Qu?n Lót Gen Su L?nh Kháng Khu?n	542	/uploads/products/product_69/image_02.jpg	0	2
69	Qu?n Lót Gen Su L?nh Kháng Khu?n	543	/uploads/products/product_69/image_03.jpg	0	3
70	Áo Lót Úc Su Không Đu?ng May Không G?ng Mút V?a 2cm C?c Xinh MS1108	549	/uploads/products/product_70/image_01.jpg	1	1
70	Áo Lót Úc Su Không Đu?ng May Không G?ng Mút V?a 2cm C?c Xinh MS1108	550	/uploads/products/product_70/image_02.jpg	0	2
70	Áo Lót Úc Su Không Đu?ng May Không G?ng Mút V?a 2cm C?c Xinh MS1108	551	/uploads/products/product_70/image_03.jpg	0	3
71	Đai Qu?n Tan M? Si?t Eo Đ?nh Hěnh Ch?ng Cu?n Thoáng Khí	556	/uploads/products/product_71/image_01.jpg	1	1
71	Đai Qu?n Tan M? Si?t Eo Đ?nh Hěnh Ch?ng Cu?n Thoáng Khí	557	/uploads/products/product_71/image_02.jpg	0	2
71	Đai Qu?n Tan M? Si?t Eo Đ?nh Hěnh Ch?ng Cu?n Thoáng Khí	558	/uploads/products/product_71/image_03.jpg	0	3
72	Qu?n Lót Ren Đůi Sięu Đ?p B12	565	/uploads/products/product_72/image_01.jpg	1	1
72	Qu?n Lót Ren Đůi Sięu Đ?p B12	566	/uploads/products/product_72/image_02.jpg	0	2
72	Qu?n Lót Ren Đůi Sięu Đ?p B12	567	/uploads/products/product_72/image_03.jpg	0	3
73	Qu?n Lót L?t Khe Dây Th?i Trang 2288	570	/uploads/products/product_73/image_01.jpg	1	1
73	Qu?n Lót L?t Khe Dây Th?i Trang 2288	571	/uploads/products/product_73/image_02.jpg	0	2
73	Qu?n Lót L?t Khe Dây Th?i Trang 2288	572	/uploads/products/product_73/image_03.jpg	0	3
74	Qu?n Lót Ren Ch? Y M?m M?i MS221	578	/uploads/products/product_74/image_01.jpg	1	1
74	Qu?n Lót Ren Ch? Y M?m M?i MS221	579	/uploads/products/product_74/image_02.jpg	0	2
74	Qu?n Lót Ren Ch? Y M?m M?i MS221	580	/uploads/products/product_74/image_03.jpg	0	3
75	Qu?n Lót Ren L?t Khe Dây Chéo 2252	586	/uploads/products/product_75/image_01.jpg	1	1
75	Qu?n Lót Ren L?t Khe Dây Chéo 2252	587	/uploads/products/product_75/image_02.jpg	0	2
75	Qu?n Lót Ren L?t Khe Dây Chéo 2252	588	/uploads/products/product_75/image_03.jpg	0	3
76	Áo Bra Thun Cotton Dáng Dŕi Ôm Body MS6602	591	/uploads/products/product_76/image_01.jpg	1	1
76	Áo Bra Thun Cotton Dáng Dŕi Ôm Body MS6602	592	/uploads/products/product_76/image_02.jpg	0	2
76	Áo Bra Thun Cotton Dáng Dŕi Ôm Body MS6602	593	/uploads/products/product_76/image_03.jpg	0	3
77	Qu?n Lót Gen B?ng 05, Qu?n Lót Đ?nh Hěnh N?	603	/uploads/products/product_77/image_01.jpg	1	1
77	Qu?n Lót Gen B?ng 05, Qu?n Lót Đ?nh Hěnh N?	604	/uploads/products/product_77/image_02.jpg	0	2
77	Qu?n Lót Gen B?ng 05, Qu?n Lót Đ?nh Hěnh N?	605	/uploads/products/product_77/image_03.jpg	0	3
78	Qu?n Lót N? Tam Giác Ch?t Voan Tuy?t Tŕng Hěnh Sięu Nh? MS99076	610	/uploads/products/product_78/image_01.jpg	1	1
78	Qu?n Lót N? Tam Giác Ch?t Voan Tuy?t Tŕng Hěnh Sięu Nh? MS99076	611	/uploads/products/product_78/image_02.jpg	0	2
78	Qu?n Lót N? Tam Giác Ch?t Voan Tuy?t Tŕng Hěnh Sięu Nh? MS99076	612	/uploads/products/product_78/image_03.jpg	0	3
79	Áo Bra Ren 6D Lung Chun Kčm Mút Sang Ch?nh	627	/uploads/products/product_79/image_01.jpg	1	1
79	Áo Bra Ren 6D Lung Chun Kčm Mút Sang Ch?nh	628	/uploads/products/product_79/image_02.jpg	0	2
79	Áo Bra Ren 6D Lung Chun Kčm Mút Sang Ch?nh	629	/uploads/products/product_79/image_03.jpg	0	3
80	Áo Lót Úc Su Không G?ng M?mút M?ng Vi?n Ch? 3285	632	/uploads/products/product_80/image_01.jpg	1	1
80	Áo Lót Úc Su Không G?ng M?mút M?ng Vi?n Ch? 3285	633	/uploads/products/product_80/image_02.jpg	0	2
80	Áo Lót Úc Su Không G?ng M?mút M?ng Vi?n Ch? 3285	634	/uploads/products/product_80/image_03.jpg	0	3
81	Áo Bra Cŕi Sau Mút M?ng Không G?ng Dây Ch? Tr? Trung	643	/uploads/products/product_81/image_01.jpg	1	1
81	Áo Bra Cŕi Sau Mút M?ng Không G?ng Dây Ch? Tr? Trung	644	/uploads/products/product_81/image_02.jpg	0	2
81	Áo Bra Cŕi Sau Mút M?ng Không G?ng Dây Ch? Tr? Trung	645	/uploads/products/product_81/image_03.jpg	0	3
82	Qu?n Lót Ren Dây Th?i Trang G?i C?m MS5011	650	/uploads/products/product_82/image_01.jpg	1	1
82	Qu?n Lót Ren Dây Th?i Trang G?i C?m MS5011	651	/uploads/products/product_82/image_02.jpg	0	2
82	Qu?n Lót Ren Dây Th?i Trang G?i C?m MS5011	652	/uploads/products/product_82/image_03.jpg	0	3
83	Áo Bra Phi Dây Trong M?u M?i Hot Hit Můa Hč	663	/uploads/products/product_83/image_01.jpg	1	1
83	Áo Bra Phi Dây Trong M?u M?i Hot Hit Můa Hč	664	/uploads/products/product_83/image_02.jpg	0	2
83	Áo Bra Phi Dây Trong M?u M?i Hot Hit Můa Hč	665	/uploads/products/product_83/image_03.jpg	0	3
84	Áo Lót Úc Su Mút M?ng Không G?ng M?m Mát Ôm G?n Ng?c Có Mút Dŕy 207	674	/uploads/products/product_84/image_01.jpg	1	1
84	Áo Lót Úc Su Mút M?ng Không G?ng M?m Mát Ôm G?n Ng?c Có Mút Dŕy 207	675	/uploads/products/product_84/image_02.jpg	0	2
84	Áo Lót Úc Su Mút M?ng Không G?ng M?m Mát Ôm G?n Ng?c Có Mút Dŕy 207	676	/uploads/products/product_84/image_03.jpg	0	3
85	Qu?n Lót L?a Bóng, Qu?n Lót N? Cao C?p MS2282	686	/uploads/products/product_85/image_01.jpg	1	1
85	Qu?n Lót L?a Bóng, Qu?n Lót N? Cao C?p MS2282	687	/uploads/products/product_85/image_02.jpg	0	2
85	Qu?n Lót L?a Bóng, Qu?n Lót N? Cao C?p MS2282	688	/uploads/products/product_85/image_03.jpg	0	3
86	Áo Bra Ren Dáng L?ng Mút Bŕn Tay Nâng Ng?c	695	/uploads/products/product_86/image_01.jpg	1	1
86	Áo Bra Ren Dáng L?ng Mút Bŕn Tay Nâng Ng?c	696	/uploads/products/product_86/image_02.jpg	0	2
86	Áo Bra Ren Dáng L?ng Mút Bŕn Tay Nâng Ng?c	697	/uploads/products/product_86/image_03.jpg	0	3
87	Qu?n Lót L?a Kháng Khu?n Ren Mông Quy?n Ru MS233	702	/uploads/products/product_87/image_01.jpg	1	1
87	Qu?n Lót L?a Kháng Khu?n Ren Mông Quy?n Ru MS233	703	/uploads/products/product_87/image_02.jpg	0	2
87	Qu?n Lót L?a Kháng Khu?n Ren Mông Quy?n Ru MS233	704	/uploads/products/product_87/image_03.jpg	0	3
88	Áo Bra Ren Bu?c Dây Th?i Trang MS3510	711	/uploads/products/product_88/image_01.jpg	1	1
88	Áo Bra Ren Bu?c Dây Th?i Trang MS3510	712	/uploads/products/product_88/image_02.jpg	0	2
88	Áo Bra Ren Bu?c Dây Th?i Trang MS3510	713	/uploads/products/product_88/image_03.jpg	0	3
89	Qu?n N? H?ng Vi?n M?ng Thông Hoi 2in1	719	/uploads/products/product_89/image_01.jpg	1	1
89	Qu?n N? H?ng Vi?n M?ng Thông Hoi 2in1	720	/uploads/products/product_89/image_02.jpg	0	2
89	Qu?n N? H?ng Vi?n M?ng Thông Hoi 2in1	721	/uploads/products/product_89/image_03.jpg	0	3
90	Qu?n Lót Ren Cánh Tięn Ren M?m G?i C?m MS2077	725	/uploads/products/product_90/image_01.jpg	1	1
90	Qu?n Lót Ren Cánh Tięn Ren M?m G?i C?m MS2077	726	/uploads/products/product_90/image_02.jpg	0	2
90	Qu?n Lót Ren Cánh Tięn Ren M?m G?i C?m MS2077	727	/uploads/products/product_90/image_03.jpg	0	3
91	T?t N? C? Ng?n Tông Nâu Đáng Yęu	737	/uploads/products/product_91/image_01.jpg	1	1
92	Qu?n Biker Short Dáng Ng?n Nâng Mông Můa Hč	738	/uploads/products/product_92/image_01.jpg	1	1
92	Qu?n Biker Short Dáng Ng?n Nâng Mông Můa Hč	739	/uploads/products/product_92/image_02.jpg	0	2
92	Qu?n Biker Short Dáng Ng?n Nâng Mông Můa Hč	740	/uploads/products/product_92/image_03.jpg	0	3
93	Áo Lót Su Khoét Lung Sâu Có G?ng Nâng Ng?c Có Mút M?c Nhi?u Ki?u Hot Hit VA751	745	/uploads/products/product_93/image_01.jpg	1	1
93	Áo Lót Su Khoét Lung Sâu Có G?ng Nâng Ng?c Có Mút M?c Nhi?u Ki?u Hot Hit VA751	746	/uploads/products/product_93/image_02.jpg	0	2
93	Áo Lót Su Khoét Lung Sâu Có G?ng Nâng Ng?c Có Mút M?c Nhi?u Ki?u Hot Hit VA751	747	/uploads/products/product_93/image_03.jpg	0	3
94	Áo Lót N?, Áo Ng?c Không G?ng Su Non Nguyęn Kh?i Mút 3cm Nâng Ng?c MS3255	755	/uploads/products/product_94/image_01.jpg	1	1
94	Áo Lót N?, Áo Ng?c Không G?ng Su Non Nguyęn Kh?i Mút 3cm Nâng Ng?c MS3255	756	/uploads/products/product_94/image_02.jpg	0	2
94	Áo Lót N?, Áo Ng?c Không G?ng Su Non Nguyęn Kh?i Mút 3cm Nâng Ng?c MS3255	757	/uploads/products/product_94/image_03.jpg	0	3
95	Qu?n Lót Tŕng Hěnh Air Gam Pastel 2282	762	/uploads/products/product_95/image_01.jpg	1	1
95	Qu?n Lót Tŕng Hěnh Air Gam Pastel 2282	763	/uploads/products/product_95/image_02.jpg	0	2
95	Qu?n Lót Tŕng Hěnh Air Gam Pastel 2282	764	/uploads/products/product_95/image_03.jpg	0	3
96	Áo Bra C? Y?m H? Lung Kčm Mút Ng?c Sięu Đ?p	770	/uploads/products/product_96/image_01.jpg	1	1
96	Áo Bra C? Y?m H? Lung Kčm Mút Ng?c Sięu Đ?p	771	/uploads/products/product_96/image_02.jpg	0	2
96	Áo Bra C? Y?m H? Lung Kčm Mút Ng?c Sięu Đ?p	772	/uploads/products/product_96/image_03.jpg	0	3
97	Áo Lót Mút M?ng Không G?ng Cotton Form Ôm Ng?c R? Đ?p A100	778	/uploads/products/product_97/image_01.jpg	1	1
97	Áo Lót Mút M?ng Không G?ng Cotton Form Ôm Ng?c R? Đ?p A100	779	/uploads/products/product_97/image_02.jpg	0	2
97	Áo Lót Mút M?ng Không G?ng Cotton Form Ôm Ng?c R? Đ?p A100	780	/uploads/products/product_97/image_03.jpg	0	3
98	Qu?n Lót Ren Bčo Cánh Tięn M?u M?i 8802	791	/uploads/products/product_98/image_01.jpg	1	1
98	Qu?n Lót Ren Bčo Cánh Tięn M?u M?i 8802	792	/uploads/products/product_98/image_02.jpg	0	2
98	Qu?n Lót Ren Bčo Cánh Tięn M?u M?i 8802	793	/uploads/products/product_98/image_03.jpg	0	3
99	Qu?n Lót L?t Khe Ren Hoa G?i C?m MS2268	799	/uploads/products/product_99/image_01.jpg	1	1
99	Qu?n Lót L?t Khe Ren Hoa G?i C?m MS2268	800	/uploads/products/product_99/image_02.jpg	0	2
99	Qu?n Lót L?t Khe Ren Hoa G?i C?m MS2268	801	/uploads/products/product_99/image_03.jpg	0	3
100	Combo 10 Đôi T?t Gi?y Hŕi T?t Lu?i	814	/uploads/products/product_100/image_01.jpg	1	1
100	Combo 10 Đôi T?t Gi?y Hŕi T?t Lu?i	815	/uploads/products/product_100/image_02.jpg	0	2
101	Qu?n Đůi Nâng Mông C?p Cao Ch?t Su Co Giăn Cao C?p N288	816	/uploads/products/product_101/image_01.jpg	1	1
101	Qu?n Đůi Nâng Mông C?p Cao Ch?t Su Co Giăn Cao C?p N288	817	/uploads/products/product_101/image_02.jpg	0	2
101	Qu?n Đůi Nâng Mông C?p Cao Ch?t Su Co Giăn Cao C?p N288	818	/uploads/products/product_101/image_03.jpg	0	3
102	Áo Lót Bra Quây 2 Dây Sięu Đ?p	820	/uploads/products/product_102/image_01.jpg	1	1
102	Áo Lót Bra Quây 2 Dây Sięu Đ?p	821	/uploads/products/product_102/image_02.jpg	0	2
102	Áo Lót Bra Quây 2 Dây Sięu Đ?p	822	/uploads/products/product_102/image_03.jpg	0	3
103	Áo Lót Úc Không G?ng Cŕi Tru?c Có Mút M?c Nhi?u Ki?u Dây Lu?i	824	/uploads/products/product_103/image_01.jpg	1	1
103	Áo Lót Úc Không G?ng Cŕi Tru?c Có Mút M?c Nhi?u Ki?u Dây Lu?i	825	/uploads/products/product_103/image_02.jpg	0	2
103	Áo Lót Úc Không G?ng Cŕi Tru?c Có Mút M?c Nhi?u Ki?u Dây Lu?i	826	/uploads/products/product_103/image_03.jpg	0	3
104	Qu?n Su Đůi Thông Hoi Hŕng Đ?p	831	/uploads/products/product_104/image_01.jpg	1	1
105	Qu?n Su Th?ch Tŕng Hěnh Kháng Khu?n Thoáng Khí	832	/uploads/products/product_105/image_01.jpg	1	1
105	Qu?n Su Th?ch Tŕng Hěnh Kháng Khu?n Thoáng Khí	833	/uploads/products/product_105/image_02.jpg	0	2
105	Qu?n Su Th?ch Tŕng Hěnh Kháng Khu?n Thoáng Khí	834	/uploads/products/product_105/image_03.jpg	0	3
106	Qu?n Lót Ph?i Ren Đính No Sau M?u M?i MS3041	838	/uploads/products/product_106/image_01.jpg	1	1
106	Qu?n Lót Ph?i Ren Đính No Sau M?u M?i MS3041	839	/uploads/products/product_106/image_02.jpg	0	2
106	Qu?n Lót Ph?i Ren Đính No Sau M?u M?i MS3041	840	/uploads/products/product_106/image_03.jpg	0	3
107	K?p Đůi Můi Bikid Guard Hŕn Qu?c	854	/uploads/products/product_107/image_01.jpg	1	1
108	Áo Bra Tam C? Y?m Nhi?u Mŕu Mix Sięu Đ?p	855	/uploads/products/product_108/image_01.jpg	1	1
108	Áo Bra Tam C? Y?m Nhi?u Mŕu Mix Sięu Đ?p	856	/uploads/products/product_108/image_02.jpg	0	2
108	Áo Bra Tam C? Y?m Nhi?u Mŕu Mix Sięu Đ?p	857	/uploads/products/product_108/image_03.jpg	0	3
109	Qu?n Đůi T?p Gym Gen B?ng Dây Rút Cao C?p	868	/uploads/products/product_109/image_01.jpg	1	1
109	Qu?n Đůi T?p Gym Gen B?ng Dây Rút Cao C?p	869	/uploads/products/product_109/image_02.jpg	0	2
109	Qu?n Đůi T?p Gym Gen B?ng Dây Rút Cao C?p	870	/uploads/products/product_109/image_03.jpg	0	3
110	Qu?n M?c Váy Su Vi?n Sóng Sięu Mát 1054	875	/uploads/products/product_110/image_01.jpg	1	1
110	Qu?n M?c Váy Su Vi?n Sóng Sięu Mát 1054	876	/uploads/products/product_110/image_02.jpg	0	2
110	Qu?n M?c Váy Su Vi?n Sóng Sięu Mát 1054	877	/uploads/products/product_110/image_03.jpg	0	3
111	Qu?n Lót Úc Su C?p Cao Không L? Vi?n H?a Ti?t Dâu Tây M?m M?n	880	/uploads/products/product_111/image_01.jpg	1	1
111	Qu?n Lót Úc Su C?p Cao Không L? Vi?n H?a Ti?t Dâu Tây M?m M?n	881	/uploads/products/product_111/image_02.jpg	0	2
111	Qu?n Lót Úc Su C?p Cao Không L? Vi?n H?a Ti?t Dâu Tây M?m M?n	882	/uploads/products/product_111/image_03.jpg	0	3
112	Qu?n Lót Vic Su Ren M?m M?n Kháng Khu?n Hŕng Đ?p	883	/uploads/products/product_112/image_01.jpg	1	1
112	Qu?n Lót Vic Su Ren M?m M?n Kháng Khu?n Hŕng Đ?p	884	/uploads/products/product_112/image_02.jpg	0	2
112	Qu?n Lót Vic Su Ren M?m M?n Kháng Khu?n Hŕng Đ?p	885	/uploads/products/product_112/image_03.jpg	0	3
113	Áo Bra Ren Lung Chun Hot Hit C?c Xinh	891	/uploads/products/product_113/image_01.jpg	1	1
113	Áo Bra Ren Lung Chun Hot Hit C?c Xinh	892	/uploads/products/product_113/image_02.jpg	0	2
113	Áo Bra Ren Lung Chun Hot Hit C?c Xinh	893	/uploads/products/product_113/image_03.jpg	0	3
114	Đai N?t B?ng Thông Hoi Ch?ng Cu?n M+ Lo?i Đ?p	897	/uploads/products/product_114/image_01.jpg	1	1
114	Đai N?t B?ng Thông Hoi Ch?ng Cu?n M+ Lo?i Đ?p	898	/uploads/products/product_114/image_02.jpg	0	2
114	Đai N?t B?ng Thông Hoi Ch?ng Cu?n M+ Lo?i Đ?p	899	/uploads/products/product_114/image_03.jpg	0	3
115	Qu?n Lót Ren Tua Rua G?i C?m 2153	904	/uploads/products/product_115/image_01.jpg	1	1
115	Qu?n Lót Ren Tua Rua G?i C?m 2153	905	/uploads/products/product_115/image_02.jpg	0	2
115	Qu?n Lót Ren Tua Rua G?i C?m 2153	906	/uploads/products/product_115/image_03.jpg	0	3
116	Qu?n Lót Ren Đính No Xuyęn Th?u Quy?n Ru M33	912	/uploads/products/product_116/image_01.jpg	1	1
116	Qu?n Lót Ren Đính No Xuyęn Th?u Quy?n Ru M33	913	/uploads/products/product_116/image_02.jpg	0	2
116	Qu?n Lót Ren Đính No Xuyęn Th?u Quy?n Ru M33	914	/uploads/products/product_116/image_03.jpg	0	3
117	Qu?n Lót Ren Cánh Tięn Khoen Tim Ch?t Đ?p 2083	923	/uploads/products/product_117/image_01.jpg	1	1
117	Qu?n Lót Ren Cánh Tięn Khoen Tim Ch?t Đ?p 2083	924	/uploads/products/product_117/image_02.jpg	0	2
117	Qu?n Lót Ren Cánh Tięn Khoen Tim Ch?t Đ?p 2083	925	/uploads/products/product_117/image_03.jpg	0	3
118	Qu?n Lót Ren Hoa Đính H?t Sięu Đ?p MS2149	933	/uploads/products/product_118/image_01.jpg	1	1
118	Qu?n Lót Ren Hoa Đính H?t Sięu Đ?p MS2149	934	/uploads/products/product_118/image_02.jpg	0	2
118	Qu?n Lót Ren Hoa Đính H?t Sięu Đ?p MS2149	935	/uploads/products/product_118/image_03.jpg	0	3
119	Áo Bra Tam Khoét Ng?c V Mút Li?n MS1833	942	/uploads/products/product_119/image_01.jpg	1	1
119	Áo Bra Tam Khoét Ng?c V Mút Li?n MS1833	943	/uploads/products/product_119/image_02.jpg	0	2
119	Áo Bra Tam Khoét Ng?c V Mút Li?n MS1833	944	/uploads/products/product_119/image_03.jpg	0	3
120	Áo Lót Bra Ren Sięu Sang Ch?nh	949	/uploads/products/product_120/image_01.jpg	1	1
120	Áo Lót Bra Ren Sięu Sang Ch?nh	950	/uploads/products/product_120/image_02.jpg	0	2
120	Áo Lót Bra Ren Sięu Sang Ch?nh	951	/uploads/products/product_120/image_03.jpg	0	3
121	Áo Lót N? Úc Su Mút M?ng Thông Hoi Không G?ng MS781	953	/uploads/products/product_121/image_01.jpg	1	1
121	Áo Lót N? Úc Su Mút M?ng Thông Hoi Không G?ng MS781	954	/uploads/products/product_121/image_02.jpg	0	2
121	Áo Lót N? Úc Su Mút M?ng Thông Hoi Không G?ng MS781	955	/uploads/products/product_121/image_03.jpg	0	3
122	Qu?n Lót Ren N? C?p Hông 3 Dây Quy?n Ru 347	963	/uploads/products/product_122/image_01.jpg	1	1
122	Qu?n Lót Ren N? C?p Hông 3 Dây Quy?n Ru 347	964	/uploads/products/product_122/image_02.jpg	0	2
122	Qu?n Lót Ren N? C?p Hông 3 Dây Quy?n Ru 347	965	/uploads/products/product_122/image_03.jpg	0	3
123	Áo Bra Cotton 2 Dây Kčm Mút Ng?c Dáng Croptop M?u M?i	972	/uploads/products/product_123/image_01.jpg	1	1
123	Áo Bra Cotton 2 Dây Kčm Mút Ng?c Dáng Croptop M?u M?i	973	/uploads/products/product_123/image_02.jpg	0	2
123	Áo Bra Cotton 2 Dây Kčm Mút Ng?c Dáng Croptop M?u M?i	974	/uploads/products/product_123/image_03.jpg	0	3
124	Áo Lót Ren Không G?ng Mút M?ng Hěnh No Xinh X?n	982	/uploads/products/product_124/image_01.jpg	1	1
124	Áo Lót Ren Không G?ng Mút M?ng Hěnh No Xinh X?n	983	/uploads/products/product_124/image_02.jpg	0	2
124	Áo Lót Ren Không G?ng Mút M?ng Hěnh No Xinh X?n	984	/uploads/products/product_124/image_03.jpg	0	3
125	Áo Bra Satin Phi Bóng B?n To	990	/uploads/products/product_125/image_01.jpg	1	1
125	Áo Bra Satin Phi Bóng B?n To	991	/uploads/products/product_125/image_02.jpg	0	2
126	T?t N? C? Cao G?u Dâu D? Thuong	992	/uploads/products/product_126/image_01.jpg	1	1
126	T?t N? C? Cao G?u Dâu D? Thuong	993	/uploads/products/product_126/image_02.jpg	0	2
126	T?t N? C? Cao G?u Dâu D? Thuong	994	/uploads/products/product_126/image_03.jpg	0	3
127	Qu?n L?ng T?p Gym, Yoga Gen B?ng Co Giăn 4 Chi?u	999	/uploads/products/product_127/image_01.jpg	1	1
127	Qu?n L?ng T?p Gym, Yoga Gen B?ng Co Giăn 4 Chi?u	1000	/uploads/products/product_127/image_02.jpg	0	2
127	Qu?n L?ng T?p Gym, Yoga Gen B?ng Co Giăn 4 Chi?u	1001	/uploads/products/product_127/image_03.jpg	0	3
128	Qu?n Lót Gen B?ng C?p Cao Ch?t Cotton M?m M?n	1008	/uploads/products/product_128/image_01.jpg	1	1
128	Qu?n Lót Gen B?ng C?p Cao Ch?t Cotton M?m M?n	1009	/uploads/products/product_128/image_02.jpg	0	2
128	Qu?n Lót Gen B?ng C?p Cao Ch?t Cotton M?m M?n	1010	/uploads/products/product_128/image_03.jpg	0	3
129	Áo Bra Ren Cao C?p Dây Kép Kčm Mút V3	1012	/uploads/products/product_129/image_01.jpg	1	1
129	Áo Bra Ren Cao C?p Dây Kép Kčm Mút V3	1013	/uploads/products/product_129/image_02.jpg	0	2
129	Áo Bra Ren Cao C?p Dây Kép Kčm Mút V3	1014	/uploads/products/product_129/image_03.jpg	0	3
130	Áo Bra Dây Hŕng Lo?i 1 Mă 618 (?nh Th?t 100%)	1019	/uploads/products/product_130/image_01.jpg	1	1
130	Áo Bra Dây Hŕng Lo?i 1 Mă 618 (?nh Th?t 100%)	1020	/uploads/products/product_130/image_02.jpg	0	2
130	Áo Bra Dây Hŕng Lo?i 1 Mă 618 (?nh Th?t 100%)	1021	/uploads/products/product_130/image_03.jpg	0	3
131	Áo Bra Tam Quy?n Ru AS150	1022	/uploads/products/product_131/image_01.jpg	1	1
131	Áo Bra Tam Quy?n Ru AS150	1023	/uploads/products/product_131/image_02.jpg	0	2
131	Áo Bra Tam Quy?n Ru AS150	1024	/uploads/products/product_131/image_03.jpg	0	3
132	Áo Bra Cotton Mŕu Tron Nhún Eo Dây M?nh S?n Mút 231	1028	/uploads/products/product_132/image_01.jpg	1	1
132	Áo Bra Cotton Mŕu Tron Nhún Eo Dây M?nh S?n Mút 231	1029	/uploads/products/product_132/image_02.jpg	0	2
132	Áo Bra Cotton Mŕu Tron Nhún Eo Dây M?nh S?n Mút 231	1030	/uploads/products/product_132/image_03.jpg	0	3
133	Áo Lót Su Không G?ng Nâng Ng?c Dây Ch? Tr? Trung MS422	1042	/uploads/products/product_133/image_01.jpg	1	1
133	Áo Lót Su Không G?ng Nâng Ng?c Dây Ch? Tr? Trung MS422	1043	/uploads/products/product_133/image_02.jpg	0	2
133	Áo Lót Su Không G?ng Nâng Ng?c Dây Ch? Tr? Trung MS422	1044	/uploads/products/product_133/image_03.jpg	0	3
134	Áo Lót Úc Quây Không Dây Có G?ng Cup Ngang MS218	1054	/uploads/products/product_134/image_01.jpg	1	1
134	Áo Lót Úc Quây Không Dây Có G?ng Cup Ngang MS218	1055	/uploads/products/product_134/image_02.jpg	0	2
134	Áo Lót Úc Quây Không Dây Có G?ng Cup Ngang MS218	1056	/uploads/products/product_134/image_03.jpg	0	3
135	Qu?n Lót Ren Bu?c Dây H?a Ti?t C?c Xinh 055	1063	/uploads/products/product_135/image_01.jpg	1	1
135	Qu?n Lót Ren Bu?c Dây H?a Ti?t C?c Xinh 055	1064	/uploads/products/product_135/image_02.jpg	0	2
135	Qu?n Lót Ren Bu?c Dây H?a Ti?t C?c Xinh 055	1065	/uploads/products/product_135/image_03.jpg	0	3
136	Áo Lót Úc Su Khoét Lung Sâu Không G?ng Mút Dŕy 5P	1070	/uploads/products/product_136/image_01.jpg	1	1
136	Áo Lót Úc Su Khoét Lung Sâu Không G?ng Mút Dŕy 5P	1071	/uploads/products/product_136/image_02.jpg	0	2
136	Áo Lót Úc Su Khoét Lung Sâu Không G?ng Mút Dŕy 5P	1072	/uploads/products/product_136/image_03.jpg	0	3
137	Áo Bra Ren Daimilei Hot Nh?t 2020	1075	/uploads/products/product_137/image_01.jpg	1	1
137	Áo Bra Ren Daimilei Hot Nh?t 2020	1076	/uploads/products/product_137/image_02.jpg	0	2
137	Áo Bra Ren Daimilei Hot Nh?t 2020	1077	/uploads/products/product_137/image_03.jpg	0	3
138	Áo Bra Ren Z9 2 Dây M?u M?i Sięu Xinh	1084	/uploads/products/product_138/image_01.jpg	1	1
138	Áo Bra Ren Z9 2 Dây M?u M?i Sięu Xinh	1085	/uploads/products/product_138/image_02.jpg	0	2
138	Áo Bra Ren Z9 2 Dây M?u M?i Sięu Xinh	1086	/uploads/products/product_138/image_03.jpg	0	3
139	Qu?n Lót Ren G?i C?m MS2321	1091	/uploads/products/product_139/image_01.jpg	1	1
139	Qu?n Lót Ren G?i C?m MS2321	1092	/uploads/products/product_139/image_02.jpg	0	2
139	Qu?n Lót Ren G?i C?m MS2321	1093	/uploads/products/product_139/image_03.jpg	0	3
140	Qu?n Lót L?t Khe Thęu Hoa Sau 2 Dây Hông Quy?n Ru	1098	/uploads/products/product_140/image_01.jpg	1	1
140	Qu?n Lót L?t Khe Thęu Hoa Sau 2 Dây Hông Quy?n Ru	1099	/uploads/products/product_140/image_02.jpg	0	2
140	Qu?n Lót L?t Khe Thęu Hoa Sau 2 Dây Hông Quy?n Ru	1100	/uploads/products/product_140/image_03.jpg	0	3
141	Qu?n Lót Túi Ví Xinh X?n, Qu?n Lót N? Vi?n Ren Co Giăn 466	1108	/uploads/products/product_141/image_01.jpg	1	1
141	Qu?n Lót Túi Ví Xinh X?n, Qu?n Lót N? Vi?n Ren Co Giăn 466	1109	/uploads/products/product_141/image_02.jpg	0	2
141	Qu?n Lót Túi Ví Xinh X?n, Qu?n Lót N? Vi?n Ren Co Giăn 466	1110	/uploads/products/product_141/image_03.jpg	0	3
142	Áo Lót Úc Su Không G?ng Mút Bŕn Tay Nâng Ng?c A01	1116	/uploads/products/product_142/image_01.jpg	1	1
142	Áo Lót Úc Su Không G?ng Mút Bŕn Tay Nâng Ng?c A01	1117	/uploads/products/product_142/image_02.jpg	0	2
142	Áo Lót Úc Su Không G?ng Mút Bŕn Tay Nâng Ng?c A01	1118	/uploads/products/product_142/image_03.jpg	0	3
143	Áo Bra Cotton 2 Dây Dáng Dŕi S?n Mút Nhún Su?n Hot Trend	1130	/uploads/products/product_143/image_02.jpg	1	1
143	Áo Bra Cotton 2 Dây Dáng Dŕi S?n Mút Nhún Su?n Hot Trend	1129	/uploads/products/product_143/image_01.jpg	0	2
143	Áo Bra Cotton 2 Dây Dáng Dŕi S?n Mút Nhún Su?n Hot Trend	1131	/uploads/products/product_143/image_03.jpg	0	3
144	Áo Bra Ren Chun Hoa Nhí Đính Khuy MS3025	1142	/uploads/products/product_144/image_01.jpg	1	1
144	Áo Bra Ren Chun Hoa Nhí Đính Khuy MS3025	1143	/uploads/products/product_144/image_02.jpg	0	2
144	Áo Bra Ren Chun Hoa Nhí Đính Khuy MS3025	1144	/uploads/products/product_144/image_03.jpg	0	3
145	Qu?n Lót L?t Khe Ren Cao C?p 8001	1150	/uploads/products/product_145/image_01.jpg	1	1
145	Qu?n Lót L?t Khe Ren Cao C?p 8001	1151	/uploads/products/product_145/image_02.jpg	0	2
145	Qu?n Lót L?t Khe Ren Cao C?p 8001	1152	/uploads/products/product_145/image_03.jpg	0	3
146	Qu?n T?p Gym, Yoga Legging C?p Cao Gen B?ng Naqui Co Giăn 4 Chi?u	1157	/uploads/products/product_146/image_01.jpg	1	1
146	Qu?n T?p Gym, Yoga Legging C?p Cao Gen B?ng Naqui Co Giăn 4 Chi?u	1158	/uploads/products/product_146/image_02.jpg	0	2
146	Qu?n T?p Gym, Yoga Legging C?p Cao Gen B?ng Naqui Co Giăn 4 Chi?u	1159	/uploads/products/product_146/image_03.jpg	0	3
147	Khan M?t Xu?t Hŕn M?m M?n KT 30x50cm	1165	/uploads/products/product_147/image_01.jpg	1	1
147	Khan M?t Xu?t Hŕn M?m M?n KT 30x50cm	1166	/uploads/products/product_147/image_02.jpg	0	2
147	Khan M?t Xu?t Hŕn M?m M?n KT 30x50cm	1167	/uploads/products/product_147/image_03.jpg	0	3
148	Qu?n Lót Su L?a Ren C?p Cao Gen B?ng Tŕng Hěnh 331	1170	/uploads/products/product_148/image_01.jpg	1	1
148	Qu?n Lót Su L?a Ren C?p Cao Gen B?ng Tŕng Hěnh 331	1171	/uploads/products/product_148/image_02.jpg	0	2
148	Qu?n Lót Su L?a Ren C?p Cao Gen B?ng Tŕng Hěnh 331	1172	/uploads/products/product_148/image_03.jpg	0	3
149	Qu?n Legging L?ng C?p Ch?ng X? Xo?n Ch?t M?m Đ?p	1184	/uploads/products/product_149/image_01.jpg	1	1
149	Qu?n Legging L?ng C?p Ch?ng X? Xo?n Ch?t M?m Đ?p	1185	/uploads/products/product_149/image_02.jpg	0	2
149	Qu?n Legging L?ng C?p Ch?ng X? Xo?n Ch?t M?m Đ?p	1186	/uploads/products/product_149/image_03.jpg	0	3
150	Áo Bra Ren Hoa Nhí Đính Khuy, Áo Hai Dây M?u M?i Croptop MS3026	1191	/uploads/products/product_150/image_01.jpg	1	1
150	Áo Bra Ren Hoa Nhí Đính Khuy, Áo Hai Dây M?u M?i Croptop MS3026	1192	/uploads/products/product_150/image_02.jpg	0	2
150	Áo Bra Ren Hoa Nhí Đính Khuy, Áo Hai Dây M?u M?i Croptop MS3026	1193	/uploads/products/product_150/image_03.jpg	0	3
151	Áo Bra 2 Dây Thun Tam M?m M?n Ph?i Ren No Xinh X?n MS9081	1196	/uploads/products/product_151/image_01.jpg	1	1
151	Áo Bra 2 Dây Thun Tam M?m M?n Ph?i Ren No Xinh X?n MS9081	1197	/uploads/products/product_151/image_02.jpg	0	2
151	Áo Bra 2 Dây Thun Tam M?m M?n Ph?i Ren No Xinh X?n MS9081	1198	/uploads/products/product_151/image_03.jpg	0	3
152	Qu?n Lót Su L?a Tŕng Hěnh M?ng Mát Thoáng Khí MS9829	1206	/uploads/products/product_152/image_01.jpg	1	1
152	Qu?n Lót Su L?a Tŕng Hěnh M?ng Mát Thoáng Khí MS9829	1207	/uploads/products/product_152/image_02.jpg	0	2
152	Qu?n Lót Su L?a Tŕng Hěnh M?ng Mát Thoáng Khí MS9829	1208	/uploads/products/product_152/image_03.jpg	0	3
153	Áo Lót Úc Ren Không G?ng Mút M?ng Sięu Đ?p	1216	/uploads/products/product_153/image_01.jpg	1	1
153	Áo Lót Úc Ren Không G?ng Mút M?ng Sięu Đ?p	1217	/uploads/products/product_153/image_02.jpg	0	2
153	Áo Lót Úc Ren Không G?ng Mút M?ng Sięu Đ?p	1218	/uploads/products/product_153/image_03.jpg	0	3
154	Sięu Ph?m - B? Lót C? Qu? Vung Nâng Ng?c Hoŕn H?o	1222	/uploads/products/product_154/image_01.jpg	1	1
154	Sięu Ph?m - B? Lót C? Qu? Vung Nâng Ng?c Hoŕn H?o	1223	/uploads/products/product_154/image_02.jpg	0	2
154	Sięu Ph?m - B? Lót C? Qu? Vung Nâng Ng?c Hoŕn H?o	1224	/uploads/products/product_154/image_03.jpg	0	3
155	Qu?n Lót Ren Hoa L?t Khe G?i C?m MS2263	1229	/uploads/products/product_155/image_01.jpg	1	1
155	Qu?n Lót Ren Hoa L?t Khe G?i C?m MS2263	1230	/uploads/products/product_155/image_02.jpg	0	2
155	Qu?n Lót Ren Hoa L?t Khe G?i C?m MS2263	1231	/uploads/products/product_155/image_03.jpg	0	3
156	Qu?n Lót Cotton Sięu Mát	1235	/uploads/products/product_156/image_01.jpg	1	1
156	Qu?n Lót Cotton Sięu Mát	1236	/uploads/products/product_156/image_02.jpg	0	2
156	Qu?n Lót Cotton Sięu Mát	1237	/uploads/products/product_156/image_03.jpg	0	3
157	Áo Lót Có G?ng Mút Dŕy 5P Sięu Nâng CK02	1243	/uploads/products/product_157/image_01.jpg	1	1
157	Áo Lót Có G?ng Mút Dŕy 5P Sięu Nâng CK02	1244	/uploads/products/product_157/image_02.jpg	0	2
157	Áo Lót Có G?ng Mút Dŕy 5P Sięu Nâng CK02	1245	/uploads/products/product_157/image_03.jpg	0	3
158	Áo Croptop N? Cotton Tr? Trung S?n Mút Tôn Dáng 525	1246	/uploads/products/product_158/image_01.jpg	1	1
158	Áo Croptop N? Cotton Tr? Trung S?n Mút Tôn Dáng 525	1247	/uploads/products/product_158/image_02.jpg	0	2
158	Áo Croptop N? Cotton Tr? Trung S?n Mút Tôn Dáng 525	1248	/uploads/products/product_158/image_03.jpg	0	3
159	Áo Lót Ren Không Dây Quy?n Ru	1257	/uploads/products/product_159/image_01.jpg	1	1
159	Áo Lót Ren Không Dây Quy?n Ru	1258	/uploads/products/product_159/image_02.jpg	0	2
159	Áo Lót Ren Không Dây Quy?n Ru	1259	/uploads/products/product_159/image_03.jpg	0	3
160	Áo Lót Cúp Qu? Vung Nâng Ng?c C?c Đ?p	1263	/uploads/products/product_160/image_01.jpg	1	1
160	Áo Lót Cúp Qu? Vung Nâng Ng?c C?c Đ?p	1264	/uploads/products/product_160/image_02.jpg	0	2
160	Áo Lót Cúp Qu? Vung Nâng Ng?c C?c Đ?p	1265	/uploads/products/product_160/image_03.jpg	0	3
161	Áo Lót Cŕi Ng?c Tru?c 1501	1270	/uploads/products/product_161/image_01.jpg	1	1
161	Áo Lót Cŕi Ng?c Tru?c 1501	1271	/uploads/products/product_161/image_02.jpg	0	2
161	Áo Lót Cŕi Ng?c Tru?c 1501	1272	/uploads/products/product_161/image_03.jpg	0	3
162	Qu?n T?t Xu?t Nh?t Cho N?	1275	/uploads/products/product_162/image_01.jpg	1	1
162	Qu?n T?t Xu?t Nh?t Cho N?	1276	/uploads/products/product_162/image_02.jpg	0	2
162	Qu?n T?t Xu?t Nh?t Cho N?	1277	/uploads/products/product_162/image_03.jpg	0	3
163	Áo Lót Ren Mút Dŕy 5cm Thông Hoi Cŕi Ng?c Tru?c Sięu Đ?p MS816	1279	/uploads/products/product_163/image_01.jpg	1	1
163	Áo Lót Ren Mút Dŕy 5cm Thông Hoi Cŕi Ng?c Tru?c Sięu Đ?p MS816	1280	/uploads/products/product_163/image_02.jpg	0	2
163	Áo Lót Ren Mút Dŕy 5cm Thông Hoi Cŕi Ng?c Tru?c Sięu Đ?p MS816	1281	/uploads/products/product_163/image_03.jpg	0	3
164	Áo Bra Croptop Dây VAI Th?i Trang S?n Mút	1285	/uploads/products/product_164/image_01.jpg	1	1
164	Áo Bra Croptop Dây VAI Th?i Trang S?n Mút	1286	/uploads/products/product_164/image_02.jpg	0	2
164	Áo Bra Croptop Dây VAI Th?i Trang S?n Mút	1287	/uploads/products/product_164/image_03.jpg	0	3
165	Hŕng Đ?p - Bra Tam Cotton 2 Dây Ph?i Ren Co Giăn Sięu Mát M56	1297	/uploads/products/product_165/image_01.jpg	1	1
165	Hŕng Đ?p - Bra Tam Cotton 2 Dây Ph?i Ren Co Giăn Sięu Mát M56	1298	/uploads/products/product_165/image_02.jpg	0	2
165	Hŕng Đ?p - Bra Tam Cotton 2 Dây Ph?i Ren Co Giăn Sięu Mát M56	1299	/uploads/products/product_165/image_03.jpg	0	3
166	Qu?n Đůi M?c Váy 2 L?p Ch?ng L? M?u M?i	1309	/uploads/products/product_166/image_01.jpg	1	1
166	Qu?n Đůi M?c Váy 2 L?p Ch?ng L? M?u M?i	1310	/uploads/products/product_166/image_02.jpg	0	2
166	Qu?n Đůi M?c Váy 2 L?p Ch?ng L? M?u M?i	1311	/uploads/products/product_166/image_03.jpg	0	3
167	Qu?n M?c Váy Pha Ren	1313	/uploads/products/product_167/image_01.jpg	1	1
167	Qu?n M?c Váy Pha Ren	1314	/uploads/products/product_167/image_02.jpg	0	2
167	Qu?n M?c Váy Pha Ren	1315	/uploads/products/product_167/image_03.jpg	0	3
168	Áo Bra Ren Hoa H?ng Kčm Mút Sięu Đ?p	1320	/uploads/products/product_168/image_01.jpg	1	1
168	Áo Bra Ren Hoa H?ng Kčm Mút Sięu Đ?p	1321	/uploads/products/product_168/image_02.jpg	0	2
168	Áo Bra Ren Hoa H?ng Kčm Mút Sięu Đ?p	1322	/uploads/products/product_168/image_03.jpg	0	3
169	Áo Bra Ren Hoa 2 Dây Sang Ch?nh SV50 Có Mút Ng?c	1326	/uploads/products/product_169/image_01.jpg	1	1
169	Áo Bra Ren Hoa 2 Dây Sang Ch?nh SV50 Có Mút Ng?c	1327	/uploads/products/product_169/image_02.jpg	0	2
169	Áo Bra Ren Hoa 2 Dây Sang Ch?nh SV50 Có Mút Ng?c	1328	/uploads/products/product_169/image_03.jpg	0	3
170	Qu?n Lót Ren No Tim Th?t No Hông Iu Ŕ 039	1332	/uploads/products/product_170/image_01.jpg	1	1
170	Qu?n Lót Ren No Tim Th?t No Hông Iu Ŕ 039	1333	/uploads/products/product_170/image_02.jpg	0	2
170	Qu?n Lót Ren No Tim Th?t No Hông Iu Ŕ 039	1334	/uploads/products/product_170/image_03.jpg	0	3
171	Áo Lót Y15 Mút Kép Sięu Đ?y	1342	/uploads/products/product_171/image_01.jpg	1	1
171	Áo Lót Y15 Mút Kép Sięu Đ?y	1343	/uploads/products/product_171/image_02.jpg	0	2
171	Áo Lót Y15 Mút Kép Sięu Đ?y	1344	/uploads/products/product_171/image_03.jpg	0	3
172	Áo Ng?c Quây Có G?ng Ch?ng T?t T?o Khe H? Lung Dán Silicon Tŕng Hěnh 018	1350	/uploads/products/product_172/image_01.jpg	1	1
172	Áo Ng?c Quây Có G?ng Ch?ng T?t T?o Khe H? Lung Dán Silicon Tŕng Hěnh 018	1351	/uploads/products/product_172/image_02.jpg	0	2
172	Áo Ng?c Quây Có G?ng Ch?ng T?t T?o Khe H? Lung Dán Silicon Tŕng Hěnh 018	1352	/uploads/products/product_172/image_03.jpg	0	3
173	H?p EVA 3 Mi?ng Dán Silicon Thông Hoi M?m M?i	1361	/uploads/products/product_173/image_01.jpg	1	1
173	H?p EVA 3 Mi?ng Dán Silicon Thông Hoi M?m M?i	1362	/uploads/products/product_173/image_02.jpg	0	2
173	H?p EVA 3 Mi?ng Dán Silicon Thông Hoi M?m M?i	1363	/uploads/products/product_173/image_03.jpg	0	3
174	Áo Lót Ch?ng T?t Cŕi Tru?c Có Mút 5P Sięu Nâng T?o Khe 946	1365	/uploads/products/product_174/image_01.jpg	1	1
174	Áo Lót Ch?ng T?t Cŕi Tru?c Có Mút 5P Sięu Nâng T?o Khe 946	1366	/uploads/products/product_174/image_02.jpg	0	2
174	Áo Lót Ch?ng T?t Cŕi Tru?c Có Mút 5P Sięu Nâng T?o Khe 946	1367	/uploads/products/product_174/image_03.jpg	0	3
175	Mi?ng Dán Nhu Hoa Silicon Kéo Nâng Ng?c	1376	/uploads/products/product_175/image_01.jpg	1	1
175	Mi?ng Dán Nhu Hoa Silicon Kéo Nâng Ng?c	1377	/uploads/products/product_175/image_02.jpg	0	2
175	Mi?ng Dán Nhu Hoa Silicon Kéo Nâng Ng?c	1378	/uploads/products/product_175/image_03.jpg	0	3
176	Áo Bra Ren Hoa Sięu Đ?p Mă 343	1382	/uploads/products/product_176/image_01.jpg	1	1
176	Áo Bra Ren Hoa Sięu Đ?p Mă 343	1383	/uploads/products/product_176/image_02.jpg	0	2
176	Áo Bra Ren Hoa Sięu Đ?p Mă 343	1384	/uploads/products/product_176/image_03.jpg	0	3
177	Qu?n Lót L?t Khe Ren Ch? Y M?m M?i 8002	1389	/uploads/products/product_177/image_01.jpg	1	1
177	Qu?n Lót L?t Khe Ren Ch? Y M?m M?i 8002	1390	/uploads/products/product_177/image_02.jpg	0	2
177	Qu?n Lót L?t Khe Ren Ch? Y M?m M?i 8002	1391	/uploads/products/product_177/image_03.jpg	0	3
178	Qu?n Lót Ren N? C?p Đính No Sau Sięu Đ?p HH	1394	/uploads/products/product_178/image_01.jpg	1	1
178	Qu?n Lót Ren N? C?p Đính No Sau Sięu Đ?p HH	1395	/uploads/products/product_178/image_02.jpg	0	2
178	Qu?n Lót Ren N? C?p Đính No Sau Sięu Đ?p HH	1396	/uploads/products/product_178/image_03.jpg	0	3
179	Qu?n Lót N? Ren M?m Hông Đdính No G?i C?m 2824	1403	/uploads/products/product_179/image_01.jpg	1	1
179	Qu?n Lót N? Ren M?m Hông Đdính No G?i C?m 2824	1404	/uploads/products/product_179/image_02.jpg	0	2
179	Qu?n Lót N? Ren M?m Hông Đdính No G?i C?m 2824	1405	/uploads/products/product_179/image_03.jpg	0	3
180	Qu?n Lót Úc Thông Hoi Không Đu?ng May Có Size L	1420	/uploads/products/product_180/image_01.jpg	1	1
180	Qu?n Lót Úc Thông Hoi Không Đu?ng May Có Size L	1421	/uploads/products/product_180/image_02.jpg	0	2
180	Qu?n Lót Úc Thông Hoi Không Đu?ng May Có Size L	1422	/uploads/products/product_180/image_03.jpg	0	3
181	Áo Lót Úc Ren Không G?ng Mút Dŕy 5, 5 Sięu Nâng Ng?c MS912	1425	/uploads/products/product_181/image_01.jpg	1	1
181	Áo Lót Úc Ren Không G?ng Mút Dŕy 5, 5 Sięu Nâng Ng?c MS912	1426	/uploads/products/product_181/image_02.jpg	0	2
181	Áo Lót Úc Ren Không G?ng Mút Dŕy 5, 5 Sięu Nâng Ng?c MS912	1427	/uploads/products/product_181/image_03.jpg	0	3
182	Áo Lót Úc Có G?ng Mút Dŕy Đ?y Ng?c MS7947 Kčm Quai Trong	1430	/uploads/products/product_182/image_01.jpg	1	1
182	Áo Lót Úc Có G?ng Mút Dŕy Đ?y Ng?c MS7947 Kčm Quai Trong	1431	/uploads/products/product_182/image_02.jpg	0	2
182	Áo Lót Úc Có G?ng Mút Dŕy Đ?y Ng?c MS7947 Kčm Quai Trong	1432	/uploads/products/product_182/image_03.jpg	0	3
183	Áo Bra Dán Ng?c Hěnh Qu? Xoŕi Sięu Dddính	1435	/uploads/products/product_183/image_01.jpg	1	1
183	Áo Bra Dán Ng?c Hěnh Qu? Xoŕi Sięu Dddính	1436	/uploads/products/product_183/image_02.jpg	0	2
183	Áo Bra Dán Ng?c Hěnh Qu? Xoŕi Sięu Dddính	1437	/uploads/products/product_183/image_03.jpg	0	3
184	Áo Lót Quây Úc Su Cŕi Sau Mát L?nh 269	1442	/uploads/products/product_184/image_01.jpg	1	1
184	Áo Lót Quây Úc Su Cŕi Sau Mát L?nh 269	1443	/uploads/products/product_184/image_02.jpg	0	2
184	Áo Lót Quây Úc Su Cŕi Sau Mát L?nh 269	1444	/uploads/products/product_184/image_03.jpg	0	3
185	Khan T?m Xu?t Hŕn Sięu M?m M?n KT 70x140	1446	/uploads/products/product_185/image_01.jpg	1	1
185	Khan T?m Xu?t Hŕn Sięu M?m M?n KT 70x140	1447	/uploads/products/product_185/image_02.jpg	0	2
185	Khan T?m Xu?t Hŕn Sięu M?m M?n KT 70x140	1448	/uploads/products/product_185/image_03.jpg	0	3
186	Qu?n Lót L?t Khe Quy?n Ru MS570	1450	/uploads/products/product_186/image_01.jpg	1	1
186	Qu?n Lót L?t Khe Quy?n Ru MS570	1451	/uploads/products/product_186/image_02.jpg	0	2
186	Qu?n Lót L?t Khe Quy?n Ru MS570	1452	/uploads/products/product_186/image_03.jpg	0	3
188	Áo Dán Nâng Ng?c Hěnh Bŕn Tay Hŕng Cao C?p P29	1475	/uploads/products/product_188/image_01.jpg	1	1
188	Áo Dán Nâng Ng?c Hěnh Bŕn Tay Hŕng Cao C?p P29	1476	/uploads/products/product_188/image_02.jpg	0	2
188	Áo Dán Nâng Ng?c Hěnh Bŕn Tay Hŕng Cao C?p P29	1477	/uploads/products/product_188/image_03.jpg	0	3
189	M?t Đôi Mi?ng Dán Nâng Ng?c Nâng Vňng 1 Đ?p	1478	/uploads/products/product_189/image_01.jpg	1	1
189	M?t Đôi Mi?ng Dán Nâng Ng?c Nâng Vňng 1 Đ?p	1479	/uploads/products/product_189/image_02.jpg	0	2
189	M?t Đôi Mi?ng Dán Nâng Ng?c Nâng Vňng 1 Đ?p	1480	/uploads/products/product_189/image_03.jpg	0	3
190	H?p Dán Nhu Hoa Nhi?t T? Thân Sięu Dddính Sięu Hot	1481	/uploads/products/product_190/image_01.jpg	1	1
190	H?p Dán Nhu Hoa Nhi?t T? Thân Sięu Dddính Sięu Hot	1482	/uploads/products/product_190/image_02.jpg	0	2
190	H?p Dán Nhu Hoa Nhi?t T? Thân Sięu Dddính Sięu Hot	1483	/uploads/products/product_190/image_03.jpg	0	3
191	Áo Bra Dán Ng?c Silicon Full H?p Kčm Quai Trong	1488	/uploads/products/product_191/image_01.jpg	1	1
191	Áo Bra Dán Ng?c Silicon Full H?p Kčm Quai Trong	1489	/uploads/products/product_191/image_02.jpg	0	2
191	Áo Bra Dán Ng?c Silicon Full H?p Kčm Quai Trong	1490	/uploads/products/product_191/image_03.jpg	0	3
192	Áo Lót Cup Ng?c Có Mút Tim Xu?t Nh?t Sięu Xinh	1496	/uploads/products/product_192/image_01.jpg	1	1
192	Áo Lót Cup Ng?c Có Mút Tim Xu?t Nh?t Sięu Xinh	1497	/uploads/products/product_192/image_02.jpg	0	2
192	Áo Lót Cup Ng?c Có Mút Tim Xu?t Nh?t Sięu Xinh	1498	/uploads/products/product_192/image_03.jpg	0	3
193	Áo Lót Cúp Không Dây Không G?ng Kčm Quai Trong	1504	/uploads/products/product_193/image_01.jpg	1	1
193	Áo Lót Cúp Không Dây Không G?ng Kčm Quai Trong	1505	/uploads/products/product_193/image_02.jpg	0	2
193	Áo Lót Cúp Không Dây Không G?ng Kčm Quai Trong	1506	/uploads/products/product_193/image_03.jpg	0	3
194	Qu?n Đůi Úc Su M?c Váy Không Đu?ng May	1510	/uploads/products/product_194/image_01.jpg	1	1
194	Qu?n Đůi Úc Su M?c Váy Không Đu?ng May	1511	/uploads/products/product_194/image_02.jpg	0	2
194	Qu?n Đůi Úc Su M?c Váy Không Đu?ng May	1512	/uploads/products/product_194/image_03.jpg	0	3
195	Qu?n Su Tam Tŕng Hěnh Giá S?c	1522	/uploads/products/product_195/image_01.jpg	1	1
195	Qu?n Su Tam Tŕng Hěnh Giá S?c	1523	/uploads/products/product_195/image_02.jpg	0	2
195	Qu?n Su Tam Tŕng Hěnh Giá S?c	1524	/uploads/products/product_195/image_03.jpg	0	3
196	Mi?ng Dán Nhu Hoa Silicon	1526	/uploads/products/product_196/image_01.jpg	1	1
196	Mi?ng Dán Nhu Hoa Silicon	1527	/uploads/products/product_196/image_02.jpg	0	2
196	Mi?ng Dán Nhu Hoa Silicon	1528	/uploads/products/product_196/image_03.jpg	0	3
197	Qu?n Lót Cotton M?m	1530	/uploads/products/product_197_3934616a-84ed-4f94-86c2-05eb67ef1c0b.jpg	1	1
198	Qu?n Lót Cotton M?m No	1531	/uploads/products/product_198_d79e8666-8abf-477c-8b22-257586012185.jpg	1	1
199	Qu?n gen l?a c?p cao	1532	/uploads/products/product_199_7ff7cf9d-41c1-47ff-b913-0cb19771ba5e.jpg	1	1
200	Qu?n Lót Thun L?nh	1533	/uploads/products/product_200_5e529d0c-168a-4394-82ff-0fd11d07748e.jpg	1	1
200	Qu?n Lót Thun L?nh	1534	/uploads/products/product_200_6e66e894-8b4f-41a2-ad5a-64cfb8727b27.jpg	0	2
201	Qu?n lót l?a m?m không vi?n	1535	/uploads/products/product_201_53c11623-d344-4c75-8262-62e31b60d5de.jpg	1	1
202	Qu?n Lót Cotton Nh?t	1536	/uploads/products/product_202_768a633e-a491-4a34-b26f-7bba5d8097ec.jpg	1	1
203	Qu?n Lót Cotton Nh?t L?n Tręn 60KG	1537	/uploads/products/product_203_870ed570-e731-4c3c-8bdb-0e363721a183.jpg	1	1
204	Qu?n Lót Gen 45Kg - 80Kg	1538	/uploads/products/product_204_b9f37800-aa52-41ec-b9d3-7c473a964003.jpg	1	1
205	Qu?n Lót L?a Mát	1539	/uploads/products/product_205_ad6fd864-cde2-428c-bb41-0ad698e543d4.jpg	1	1
206	Áo Bra Cotton M?m Cho Bé Không Mút	1540	/uploads/products/product_206_5f7b3f94-4376-4399-9ee9-c715d6df04d2.jpg	1	1
207	Qu?n lót lu?i thoáng khí	1708	/uploads/products/product_207_808290d4-2003-425f-9b63-3e1524ed83b6.png	1	1
208	Áo bra hai dây su dúc mút m?ng	1542	/uploads/products/product_208_26ae8b39-2758-417e-9f94-f9d53d4b5412.jpg	1	1
209	Áo Su M?m Thông Hoi Không G?ng	1543	/uploads/products/product_209_589edd5c-b7af-4151-adf2-cc7cd747fa18.jpg	1	1
210	Áo Ren Tron Có G?ng	1544	/uploads/products/product_210_f73b642d-0a72-4075-a01e-8a3b57e2933d.jpg	1	1
211	Áo Dŕnh Cho M? B?m S?a	1545	/uploads/products/product_211_8a8381e5-21f6-4669-8a94-22ae8205b2ec.jpg	1	1
212	Áo Thái Ren Có G?ng Nâng Dŕy 6P	1726	/uploads/products/product_212_314ff59a-d01c-4b5d-8034-1c8507cb2f03.png	1	1
212	Áo Thái Ren Có G?ng Nâng Dŕy 6P	1727	/uploads/products/product_212_00836c4c-cb18-481f-9aa1-a06ddecd7745.png	0	2
213	Áo Su Thông Hoi	1547	/uploads/products/product_213_dab72e37-0ff9-4513-9e16-bf288b05f845.jpg	1	1
213	Áo Su Thông Hoi	1548	/uploads/products/product_213_254024fc-078a-4ac2-862b-6e75f39b2150.jpg	0	2
214	Áo ng?c ren m?ng cŕi sau	1725	/uploads/products/product_214_678f250a-fa73-40bd-9b3f-b3754f92e03c.png	1	1
215	Qu?n Thái Lung Cao	1550	/uploads/products/product_215_8d7d10ab-f80b-439a-a95f-7c3e21258168.jpg	1	1
216	Áo Thái Không G?ng B?n To	1551	/uploads/products/product_216_b182e163-f463-4fe8-856e-1fa2d703180c.jpg	1	1
217	Áo Thái Có G?ng B?n To	1552	/uploads/products/product_217_adb3c2bd-fd10-432a-8507-1e006088cff1.jpg	1	1
218	Áo Thái Ren Không G?ng Nâng Ng?c	1724	/uploads/products/product_218_fd1eee99-3403-49d7-8bcb-fdae1798eba1.png	1	1
219	Áo Thái M?ng Có G?ng Đ?ng Ng?c	1554	/uploads/products/product_219_9da705a1-70ed-424d-90c2-0d31bb23f4c2.jpg	1	1
220	Áo Thái Có G?ng Tron B?n L?n	1555	/uploads/products/product_220_1474c97d-0560-4146-b5ea-c0e2db2097be.jpg	1	1
221	Áo Thái Nâng Ng?c Gŕi Tru?c	1556	/uploads/products/product_221_0c083fc8-626a-46fb-b02c-770c1405e8b5.jpg	1	1
222	Áo Thái Ren Có G?ng Nâng 1P	1723	/uploads/products/product_222_3389590f-b7a7-45a0-9d68-17f43cdfeff4.png	1	1
223	Áo Thái Tron Không G?ng M?ng	1558	/uploads/products/product_223_c93ef63b-114c-4ddf-98f7-406218cc830c.jpg	1	1
224	Áo Thái Cúp Ng?c	1559	/uploads/products/product_224_31aab51d-1e0f-4239-93c2-9ba9873e8328.jpg	1	1
225	Áo Thái Có G?ng	1560	/uploads/products/product_225_26792fb9-6c39-4cd7-97f5-786e5b787e01.jpg	1	1
226	Áo Lót N? Cup A V?a Co Giăn Tho?i Mái	1709	/uploads/products/product_226_96291321-c813-4736-a07e-3d9eb8c5710a.png	1	1
226	Áo Lót N? Cup A V?a Co Giăn Tho?i Mái	1710	/uploads/products/product_226_071e8d00-4b5a-4b81-b1d0-d6be21de9e12.png	0	2
226	Áo Lót N? Cup A V?a Co Giăn Tho?i Mái	1711	/uploads/products/product_226_da4cfad8-bc64-48f3-938c-fd2cc60e9ad5.png	0	3
227	Qu?n Lót Thái Thun L?nh	1562	/uploads/products/product_227_65405c67-2487-4170-97c1-a2c6b1444f26.jpg	1	1
228	Qu?n Lót Thun L?nh L?	1563	/uploads/products/product_228_a092e233-47fe-4a02-a1f5-6c5855d17ea6.jpg	1	1
229	Qu?n Lót Thun L?nh L? Trung	1564	/uploads/products/product_229_57d9f4c5-cf6a-4e29-b74d-94fed04bb816.jpg	1	1
230	Qu?n lót cotton tron	1565	/uploads/products/product_230_75b38b06-1f15-439d-b4ca-859465f641aa.jpg	1	1
231	Qu?n lót cotton m?m	1566	/uploads/products/product_231_eba4db7a-e6aa-4495-a1f2-aa6f0ef5db2e.jpg	1	1
232	Qu?n Lót Thun L?nh Tron	1567	/uploads/products/product_232_ebcbf527-e4c6-4d76-8807-bab45c745067.jpg	1	1
233	Qu?n Gen Tam Giác	1568	/uploads/products/product_233_6847913f-ed53-472f-afeb-e42ba38bc22d.jpg	1	1
234	Qu?n Gen Đůi	1569	/uploads/products/product_234_6d50d683-7aaa-4975-b951-12a83f5e0dd0.jpg	1	1
236	Qu?n Thun L?nh X?n	1571	/uploads/products/product_236_7863137f-1034-432e-8d6c-16fd13accce8.jpg	1	1
237	Áo Nâng Dŕy Có G?ng B?n Lung To	1572	/uploads/products/product_237_29e38e0d-6523-4d09-bfc2-364842bf7ee7.jpg	1	1
238	Áo Nâng Dŕy Không G?ng Thun L?nh X?n	1573	/uploads/products/product_238_f4b05ce6-b295-42e3-a489-4a64d94ca20f.jpg	1	1
239	Qu?n Thun L?nh No	1574	/uploads/products/product_239_f72df0c5-bb3c-4930-aded-14e9d1d013a9.jpg	1	1
240	Áo Ren M?ng Nâng 3 Móc	1722	/uploads/products/product_240_24eb9cb6-6944-4377-9b9e-6c104184863c.png	1	1
241	Áo M?ng Không G?ng	1576	/uploads/products/product_241_b2d47152-d48f-4543-8aaf-9d7a03766d35.jpg	1	1
242	Áo M?ng Không G?ng	1577	/uploads/products/product_242_ecd97858-c347-4bef-8125-611c07d14837.jpg	1	1
243	Áo M?ng Thông Hoi	1578	/uploads/products/product_243_30cd0c45-e391-4545-ad32-f6572b7bba7e.jpg	1	1
244	Áo Bra 3 Dây Có Mút	1579	/uploads/products/product_244_2a8cb141-869a-4a8d-872a-d7ae6aff3009.jpg	1	1
246	Áo M?ng Không G?ng B?n L?n X?n Hŕng Công Ty	1581	/uploads/products/product_246_6e78314b-9a0e-4ea8-b6c4-42c14426ccd9.jpg	1	1
247	Áo M?ng Không G?ng B?n Nh? Hŕng Công Ty	1582	/uploads/products/product_247_4fad589f-2b75-4998-8237-815fb2c81297.jpg	1	1
248	Qu?n Lót Su Thái Công Ty	1583	/uploads/products/product_248_c2a98ef5-cd2c-4da8-b35e-09cd3c002ced.jpg	1	1
249	Áo Nâng Ng?c Su 6P	1584	/uploads/products/product_249_f2d9f5bd-f475-41f9-aedd-46af362b2cfb.jpg	1	1
250	Áo V?i Thông Hoi Không Mút	1585	/uploads/products/product_250_b90a82bd-56d4-4b55-9ffc-bc87ffdd83f1.jpg	1	1
251	Áo Bu?mút M?ng Có G?ng	1586	/uploads/products/product_251_01ec5c34-81b0-4aff-9c90-b83d12997270.jpg	1	1
252	Qu?n Lót Cotton Lung Cao Gen	1587	/uploads/products/product_252_103eae15-f606-4dfe-9b97-68d33912521b.jpg	1	1
253	Qu?n Đůi B?u	1588	/uploads/products/product_253_6f1e2663-63ad-46fd-8f50-30500ed7df5e.jpg	1	1
254	Qu?n Gen B?ng Tam Giác	1589	/uploads/products/product_254_9ebe16a2-21de-4c68-b46a-e4ba91fe2ede.jpg	1	1
255	Áo Nâng 5P B?n To Hŕng Công Ty	1721	/uploads/products/product_255_edbbd683-ba4b-47f7-9404-ee53c32529a1.png	1	1
256	Áo Su 3P	1591	/uploads/products/product_256_160f0a63-ce32-4c37-a0c9-d5b4d1b9d783.jpg	1	1
257	Áo Bra Su Gŕi Tru?c M?ng	1592	/uploads/products/product_257_d3e369ba-c06c-4c55-937e-e5fb484fce61.jpg	1	1
259	Áo Su M?ng Không G?ng	1594	/uploads/products/product_259_37aafaf7-b6fd-4b83-8bc4-4fba7d0aaff9.jpg	1	1
260	Áo Bra Ren	1595	/uploads/products/product_260_8f4d92e7-9f67-4ff8-b04f-2c63a2ac0efd.jpg	1	1
261	Áo Bra Ren	1596	/uploads/products/product_261_5f16ce75-e03b-4868-be10-18c253a9d85c.jpg	1	1
262	Áo Su T?t	1597	/uploads/products/product_262_9a077525-d15c-475e-87b6-995f3b32b140.jpg	1	1
263	Qu?n Thun L?nh	1598	/uploads/products/product_263_af3d4944-3f9a-46d7-8e9d-54fa59d009cf.jpg	1	1
264	Qu?n L?a T?t	1599	/uploads/products/product_264_4ac7137b-aa2d-43cd-8589-625f2270f07c.jpg	1	1
265	Qu?n Su Hěnh D? Thuog	1600	/uploads/products/product_265_42259a4c-ffd3-4f32-85cb-72b4ea907b10.jpg	1	1
266	Áo M?ng Không G?ng	1601	/uploads/products/product_266_4a8d7e6d-19bf-47d2-b587-b13349c33e9a.jpg	1	1
267	Áo Su 3P	1602	/uploads/products/product_267_336f7875-c697-4f38-b7d0-cf9e1ac9bba6.jpg	1	1
269	Su Th?ch Lo?i 1	1701	/uploads/products/product_269_cedc06a1-960e-4d07-90d2-1b59816d5fe0.jpg	1	2
269	Su Th?ch Lo?i 1	1702	/uploads/products/product_269_37d9c692-e78c-4de6-841d-93878b6e8413.png	0	3
270	Qu?n Su Thái Lung Cao	1606	/uploads/products/product_270_d1de7146-e5ac-4ec1-9334-c8ce56e07268.png	1	1
271	Áo Lót N? Sinh Không G?ng Cotton M?m	1607	/uploads/products/product_271_aaa75b1e-2ab6-43ab-af26-f00a0762ad83.png	1	1
271	Áo Lót N? Sinh Không G?ng Cotton M?m	1608	/uploads/products/product_271_b6e1a371-2baf-4d36-a2d8-f6ceb2a5a1e6.png	0	2
271	Áo Lót N? Sinh Không G?ng Cotton M?m	1609	/uploads/products/product_271_085bf30c-4970-407f-a9f3-a1c8e5a4604f.png	0	3
272	Áo Lót Cŕi Tru?c, Áo Ng?c Không G?ng	1611	/uploads/products/product_272_385ba3df-c88e-46ac-ada9-3f366100f435.png	1	1
272	Áo Lót Cŕi Tru?c, Áo Ng?c Không G?ng	1612	/uploads/products/product_272_8525621e-73f8-4bad-8db9-dc839ef66ae5.png	0	2
272	Áo Lót Cŕi Tru?c, Áo Ng?c Không G?ng	1613	/uploads/products/product_272_8e793021-7172-4578-a357-fe168a664e79.png	0	3
273	Bra Su Nu?c 5501	1618	/uploads/products/product_273_afe189da-8dc6-4ab5-ab63-69a65a3ed283.png	1	1
273	Bra Su Nu?c 5501	1620	/uploads/products/product_273_10d2fe5f-be34-4404-8f0a-43fb373a4819.png	0	3
273	Bra Su Nu?c 5501	1621	/uploads/products/product_273_31a60095-1b46-41b7-87e5-2e3607deac85.png	0	4
274	Bra Nâng 5 Phân Ch? V Ch?ng S?c Vŕ Ch?ng Ch?y X?, Ch?t Li?u M?m M?i	1623	/uploads/products/product_274_9404e047-0066-4824-a584-cb1fd6ea4166.png	1	1
274	Bra Nâng 5 Phân Ch? V Ch?ng S?c Vŕ Ch?ng Ch?y X?, Ch?t Li?u M?m M?i	1624	/uploads/products/product_274_0d26c047-609a-4994-9cfc-4fbe584a7e2c.png	0	2
275	Đai Hoa N?t B?ng Gen N?t B?ng Co Dăn 4 Chi?u	1626	/uploads/products/product_275_eb4baa44-cebb-4509-aa37-9f670162b4f9.png	1	1
275	Đai Hoa N?t B?ng Gen N?t B?ng Co Dăn 4 Chi?u	1627	/uploads/products/product_275_a55e45b9-d44e-4948-8ed7-9852a17aca0f.png	0	2
275	Đai Hoa N?t B?ng Gen N?t B?ng Co Dăn 4 Chi?u	1628	/uploads/products/product_275_9934374e-3f7f-4d52-9b77-769957d43d93.png	0	3
276	Áo Lót M?c H? Lung Nâng Ng?c Đ?m Dŕy	1629	/uploads/products/product_276_8bd64207-068d-4c9b-ab77-1bad2fd86f49.png	1	1
276	Áo Lót M?c H? Lung Nâng Ng?c Đ?m Dŕy	1630	/uploads/products/product_276_424d91df-98f9-47cf-8283-8eff2d35ba2a.png	0	2
276	Áo Lót M?c H? Lung Nâng Ng?c Đ?m Dŕy	1631	/uploads/products/product_276_99b2466a-682d-4434-8084-6727ccf78ab7.png	0	3
277	Qu?n Lót Gen N?t B?ng N?	1632	/uploads/products/product_277_bc744cf2-f3e2-4561-bd2e-6023dd943c0e.png	1	1
277	Qu?n Lót Gen N?t B?ng N?	1633	/uploads/products/product_277_bfdf0fdc-a179-4c91-9c4a-314509912cbd.png	0	2
278	Áo Dán Ng?c Cŕi Tru?c	1634	/uploads/products/product_278_23c65b82-e13e-474d-8829-ea0007666bbc.png	1	1
278	Áo Dán Ng?c Cŕi Tru?c	1635	/uploads/products/product_278_34c31532-0c3b-4611-9842-2d5b7e66571e.png	0	2
278	Áo Dán Ng?c Cŕi Tru?c	1636	/uploads/products/product_278_9df6d415-b099-47f1-bdb7-c76ca323bdd9.png	0	3
279	Áo Ng?c Không G?ng Su Non Đ?m V?a	1637	/uploads/products/product_279_030a80fe-7d0d-49b8-a4d0-a4e2dfe99211.png	1	1
280	Áo Lót Kięm Bra Ch?t Li?u Cotton Không G?ng Mút M?ng Thông Hoi Thoáng Khí	1638	/uploads/products/product_280_89939904-45fa-45c0-a5db-4109824a95b2.png	1	1
280	Áo Lót Kięm Bra Ch?t Li?u Cotton Không G?ng Mút M?ng Thông Hoi Thoáng Khí	1639	/uploads/products/product_280_3872cbfc-8888-4580-9669-45e80dd950b0.png	0	2
281	Áo Cup Dán Có G?ng Nâng Ng?c	1640	/uploads/products/product_281_dd51beae-e444-47f2-8667-89fa15a7e99a.png	1	1
281	Áo Cup Dán Có G?ng Nâng Ng?c	1641	/uploads/products/product_281_6fce6acf-9589-47b3-8106-127c229bd5f9.png	0	2
282	Áo Lót Su Chi?c Lá	1642	/uploads/products/product_282_4adc6a26-f825-412e-a134-5c5ccb4d714a.png	1	1
282	Áo Lót Su Chi?c Lá	1643	/uploads/products/product_282_a0802391-4af1-4136-8fe7-19d30cffebfc.png	0	2
282	Áo Lót Su Chi?c Lá	1644	/uploads/products/product_282_37b1bbb6-ea53-44ab-8087-dd7395cedfbc.png	0	3
283	Áo Lót Nâng Ng?c Không G?ng Đ?m V?a	1645	/uploads/products/product_283_924050fe-63d6-43c6-8f63-5c6ffa395948.png	1	1
283	Áo Lót Nâng Ng?c Không G?ng Đ?m V?a	1646	/uploads/products/product_283_69d691dc-d6df-4ff0-943e-e7afc942264b.png	0	2
283	Áo Lót Nâng Ng?c Không G?ng Đ?m V?a	1647	/uploads/products/product_283_fd511ea1-aa6d-4b33-92f8-e192e01c888e.png	0	3
284	Bra Th?i Trang	1648	/uploads/products/product_284_3f06804e-6f5b-4536-b988-b42dcaf39824.png	1	1
284	Bra Th?i Trang	1649	/uploads/products/product_284_67718583-9fbf-4fe7-ac73-bff66c2f6cd1.png	0	2
284	Bra Th?i Trang	1650	/uploads/products/product_284_51ff6012-743a-4d5d-8717-b5958f7f1eee.png	0	3
286	Qu?n Đ?n Hông T? Nhięn Mút Li?n Ch?t Su Thoáng Khí Không L? Vi?n	1655	/uploads/products/product_286_609f17ed-4d91-4568-ad18-f9b01b1809b8.png	1	1
286	Qu?n Đ?n Hông T? Nhięn Mút Li?n Ch?t Su Thoáng Khí Không L? Vi?n	1656	/uploads/products/product_286_206a6836-aee9-4ffe-a894-faa239467c0c.png	0	2
286	Qu?n Đ?n Hông T? Nhięn Mút Li?n Ch?t Su Thoáng Khí Không L? Vi?n	1657	/uploads/products/product_286_a09bebde-b932-45cc-899c-82182edfe52d.png	0	3
287	Qu?n d?nh hěnh d?n mông c?p cao	1659	/uploads/products/product_287_14b6874c-6de1-427b-b063-52adccdb9a4e.png	1	1
287	Qu?n d?nh hěnh d?n mông c?p cao	1660	/uploads/products/product_287_c29712ff-4dc1-49d0-9d63-2c34eba3e446.png	0	2
287	Qu?n d?nh hěnh d?n mông c?p cao	1661	/uploads/products/product_287_8939194f-0c41-4fa3-a0ef-b60d2eb6f959.png	0	3
288	Áo Ng?c N? Ch?t Su Tron V?i Dây Đeo VAI M?ng	1662	/uploads/products/product_288_0c318b70-0fde-405c-834b-4441c2ef8316.png	1	1
288	Áo Ng?c N? Ch?t Su Tron V?i Dây Đeo VAI M?ng	1663	/uploads/products/product_288_9cd27a0c-f6c4-4509-b5ca-a98568d2a99d.png	0	2
288	Áo Ng?c N? Ch?t Su Tron V?i Dây Đeo VAI M?ng	1664	/uploads/products/product_288_a537423d-bf72-45b0-8339-2f5a01fe0517.png	0	3
289	Áo ng?c su dúc không g?ng dây m?nh	1665	/uploads/products/product_289_fe07661e-acc0-4906-9034-1830078bfa36.png	1	1
290	Áo Su G?m Hŕng Lo?i 1 Đ?m Mút Bŕn Tay	1667	/uploads/products/product_290_d8ef98eb-8cfc-4586-8e7a-e587afcbd981.png	1	2
290	Áo Su G?m Hŕng Lo?i 1 Đ?m Mút Bŕn Tay	1700	/uploads/products/product_290_42d12db8-cf19-4ba7-af31-9140dc3bf430.png	0	3
291	Bra Th?i Trang	1668	/uploads/products/product_291_a7d66f8c-0610-4967-8e6e-f4582b065b7c.png	1	1
292	Gen Đ?nh Hěnh Toŕn Thân	1669	/uploads/products/product_292_791d72f3-b2ff-4e9d-ac5d-1bffa972a0a6.png	1	1
292	Gen Đ?nh Hěnh Toŕn Thân	1670	/uploads/products/product_292_35d667b8-bd70-467f-9737-0242bd03b67f.png	0	2
293	Áo Ng?c Không L? Vi?n Thoáng Khí Không G?ng Nâng Ng?c Ch?ng X?	1671	/uploads/products/product_293_eef468a3-822d-4e1c-a3ba-3e06ebadcd64.png	1	1
293	Áo Ng?c Không L? Vi?n Thoáng Khí Không G?ng Nâng Ng?c Ch?ng X?	1672	/uploads/products/product_293_d5b32187-82a4-4531-b683-894311196912.png	0	2
293	Áo Ng?c Không L? Vi?n Thoáng Khí Không G?ng Nâng Ng?c Ch?ng X?	1673	/uploads/products/product_293_81ca4f38-fafd-4208-8397-de3fb5666021.png	0	3
294	Áo Su Đúc H? Lung	1674	/uploads/products/product_294_dcd7a187-793e-401e-9f38-0d835639bdc9.png	1	1
294	Áo Su Đúc H? Lung	1675	/uploads/products/product_294_1bef6789-b5a3-445d-a6f3-bcd28341816c.png	0	2
294	Áo Su Đúc H? Lung	1676	/uploads/products/product_294_5a237eb1-8843-46ff-bc49-26931ca46cdf.png	0	3
295	Áo Bra Thoáng Khí	1677	/uploads/products/product_295_8ca9e870-51be-447c-983b-9ce285052b2e.png	1	1
295	Áo Bra Thoáng Khí	1678	/uploads/products/product_295_bd697f71-86e9-4c48-87a9-038a2a3b011f.png	0	2
295	Áo Bra Thoáng Khí	1679	/uploads/products/product_295_99083e71-9240-4252-95cf-3d3df076be1c.png	0	3
297	Áo Bra Ren Ph?i L?a	1683	/uploads/products/product_297_aa061696-c6e0-4a9e-b248-c8d89dc294eb.png	1	1
297	Áo Bra Ren Ph?i L?a	1684	/uploads/products/product_297_0f2a8b8b-c564-4df5-8287-ad940fdb8c6d.png	0	2
297	Áo Bra Ren Ph?i L?a	1685	/uploads/products/product_297_fb708f60-8ecf-4bd5-b780-073ffe168052.png	0	3
298	Áo Su Không G?ng Không Vi?n Đ?mút M?ng Ch?ng X?	1686	/uploads/products/product_298_0169d4ce-b095-4a5c-b2ea-0973d4777dad.png	1	1
298	Áo Su Không G?ng Không Vi?n Đ?mút M?ng Ch?ng X?	1687	/uploads/products/product_298_9af8c86e-ce69-4c2c-ae79-3ac709d6779b.png	0	2
298	Áo Su Không G?ng Không Vi?n Đ?mút M?ng Ch?ng X?	1688	/uploads/products/product_298_7dd35b51-4cd7-46d9-8710-dc877147c4c0.png	0	3
300	Bra Th? Thao	1691	/uploads/products/product_300_de3e3df1-4110-4f28-b369-a2ac326b254b.png	1	1
300	Bra Th? Thao	1692	/uploads/products/product_300_7c9a999c-c0a7-40ee-a15f-744e1f98fbc3.png	0	2
301	Áo Bra Ph?i Vi?n	1693	/uploads/products/product_301_c102a9af-849e-4bef-84ba-9f21fa3ebf83.png	1	1
301	Áo Bra Ph?i Vi?n	1694	/uploads/products/product_301_d4b0bdd9-d459-40aa-a7b3-139633aec30e.png	0	2
301	Áo Bra Ph?i Vi?n	1695	/uploads/products/product_301_71b29ea2-4586-403a-969e-369fd8a689dd.png	0	3
302	Áo Bra Su Mát L?m	1696	/uploads/products/product_302_cd2f70cf-6c61-404f-b5db-04b9e1f6bf6c.png	1	1
302	Áo Bra Su Mát L?m	1697	/uploads/products/product_302_879aa3e8-1d4b-4a97-a379-161a44db6062.png	0	2
303	Gen Đ?nh Hěnh	1698	/uploads/products/product_303_0fddbd60-1ba7-4ddd-8e12-79806714a816.png	1	1
303	Gen Đ?nh Hěnh	1699	/uploads/products/product_303_c8ac9bb9-055f-4bf1-9ccd-4eceb4a24ae1.png	0	2
304	Qu?n S?p Nam Thun L?nh Thông Hoi	1703	/uploads/products/product_304_5c1b1e9c-101f-4287-891d-9e5c6326f121.png	1	1
305	Qu?n S?p Đůi Nam Thun L?nh Lung Thông Hoi	1704	/uploads/products/product_305_b616b199-f58b-4b12-8b57-600c61f703b5.png	1	1
306	Qu?n S?p Đůi Nam Thun Thông Hoi	1719	/uploads/products/product_306_1db97698-38ee-493e-b878-8365153adaf1.png	1	1
307	Qu?n S?p Đůi Nam Thun L?nh	1706	/uploads/products/product_307_03cc0b9c-ef90-4412-a092-999a6488671e.png	1	1
308	Qu?n S?p Nam Thun L?nh	1707	/uploads/products/product_308_55ee16c5-c8da-44d3-b0e0-45d40b344648.png	1	1
309	Xě Đůi Lung Cao Co Giăn 4 Chi?u Lo?i 1	1718	/uploads/products/product_309_bc96b416-eaac-419f-97ac-01b64eedc01f.png	1	1
310	Qu?n Xě Tam Giác Lung Cao Co Giăn 4 Chi?u Lo?i 1	1717	/uploads/products/product_310_5cec72e9-5fcb-4c00-8282-cd42fa76a2e6.png	1	1
311	Xě Đůi Thun L?nh X?n	1716	/uploads/products/product_311_a76cc4e8-cec5-45fa-a262-5e7a4d0815eb.png	1	1
312	Qu?n Xě Tam Giác Thun L?nh  X?n	1720	/uploads/products/product_312_608f5b8b-09f3-484d-b3ed-c0584fc1319e.png	1	1
